country,1950,1951,1952,1953,1954,1955,1956,1957,1958,1959,1960,1961,1962,1963,1964,1965,1966,1967,1968,1969,1970,1971,1972,1973,1974,1975,1976,1977,1978,1979,1980,1981,1982,1983,1984,1985,1986,1987,1988,1989,1990,1991,1992,1993,1994,1995,1996,1997,1998,1999,2000,2001,2002,2003,2004,2005,2006,2007,2008,2009,2010,2011,2012,2013,2014,2015,2016,2017,2018,2019,2020,2021,2022,2023,2024,2025,2026,2027,2028,2029,2030,2031,2032,2033,2034,2035,2036,2037,2038,2039,2040,2041,2042,2043,2044,2045,2046,2047,2048,2049,2050,2051,2052,2053,2054,2055,2056,2057,2058,2059,2060,2061,2062,2063,2064,2065,2066,2067,2068,2069,2070,2071,2072,2073,2074,2075,2076,2077,2078,2079,2080,2081,2082,2083,2084,2085,2086,2087,2088,2089,2090,2091,2092,2093,2094,2095,2096,2097,2098,2099,2100
Afghanistan,10.1,,,,,10.2,,,,,10.3,,,,,10.8,,,,,9.98,,,,,10.1,,,,,10.3,,,,,10.3,,,,,10.4,,,,,10.5,,,,,10.4,,,,,10.7,,,,,10.5,,,,,11.7,,,,,12,,,,,11.9,,,,,10.8,,,,,10.3,,,,,9.76,,,,,9.27,,,,,8.79,,,,,8.3,,,,,7.79,,,,,7.29,,,,,6.87,,,,,6.53,,,,,6.23,,,,,5.99,,,,,5.77,,,,,5.59,,,,,5.45
Albania,9.06,,,,,9.8,,,,,9.16,,,,,8.87,,,,,9.93,,,,,11,,,,,11.3,,,,,10.3,,,,,9.71,,,,,9.28,,,,,9.47,,,,,10.3,,,,,9.22,,,,,8.46,,,,,6.38,,,,,5.07,,,,,5.47,,,,,5.39,,,,,5.44,,,,,5.32,,,,,4.98,,,,,4.64,,,,,4.55,,,,,4.66,,,,,4.75,,,,,4.74,,,,,4.63,,,,,4.49,,,,,4.45,,,,,4.52,,,,,4.61
Algeria,10.4,,,,,10.1,,,,,9.47,,,,,8.92,,,,,10.8,,,,,10.8,,,,,10.9,,,,,10.8,,,,,11.1,,,,,11.6,,,,,12.1,,,,,11.6,,,,,10,,,,,7.48,,,,,6.66,,,,,8.16,,,,,9.37,,,,,8.43,,,,,7.4,,,,,6.52,,,,,6.09,,,,,6.1,,,,,6.28,,,,,6.32,,,,,6.04,,,,,5.63,,,,,5.36,,,,,5.29,,,,,5.33,,,,,5.36,,,,,5.29
Angola,10.1,,,,,9.44,,,,,8.87,,,,,8.56,,,,,10.8,,,,,10.4,,,,,10.2,,,,,10.1,,,,,10.3,,,,,10.7,,,,,10.6,,,,,10.7,,,,,10.5,,,,,10.4,,,,,10.8,,,,,11.1,,,,,10.9,,,,,10.6,,,,,10.5,,,,,10.4,,,,,10.2,,,,,10.1,,,,,9.82,,,,,9.55,,,,,9.28,,,,,9.02,,,,,8.78,,,,,8.54,,,,,8.3,,,,,8.05,,,,,7.83
Antigua and Barbuda,9.29,,,,,9.76,,,,,10.5,,,,,10.1,,,,,11.5,,,,,11.3,,,,,11,,,,,11.2,,,,,8.86,,,,,7.86,,,,,8.18,,,,,8.6,,,,,8.71,,,,,8.23,,,,,7.68,,,,,7.05,,,,,6.69,,,,,6.53,,,,,6.38,,,,,6.16,,,,,5.91,,,,,5.7,,,,,5.57,,,,,5.51,,,,,5.46,,,,,5.37,,,,,5.26,,,,,5.17,,,,,5.1,,,,,5.08,,,,,5.05
Argentina,9.27,,,,,8.61,,,,,8.49,,,,,8.72,,,,,8.87,,,,,8.61,,,,,8.09,,,,,7.93,,,,,8.38,,,,,9.25,,,,,8.49,,,,,8.32,,,,,8.09,,,,,7.63,,,,,7.58,,,,,7.39,,,,,7.25,,,,,6.98,,,,,6.71,,,,,6.48,,,,,6.28,,,,,6.09,,,,,5.93,,,,,5.78,,,,,5.63,,,,,5.49,,,,,5.39,,,,,5.29,,,,,5.22,,,,,5.14,,,,,5.07
Armenia,10.4,,,,,12.2,,,,,6.37,,,,,7.44,,,,,9.75,,,,,11.9,,,,,11.2,,,,,8.61,,,,,7.38,,,,,7.87,,,,,9.09,,,,,9.66,,,,,8.1,,,,,5.52,,,,,5.09,,,,,5.89,,,,,6.17,,,,,5.63,,,,,5.02,,,,,4.55,,,,,4.42,,,,,4.62,,,,,4.83,,,,,4.81,,,,,4.6,,,,,4.41,,,,,4.4,,,,,4.56,,,,,4.73,,,,,4.79,,,,,4.71
Australia,6.66,,,,,6.59,,,,,7.36,,,,,8.76,,,,,8.58,,,,,8.77,,,,,8.73,,,,,8.11,,,,,7.97,,,,,6.85,,,,,6.69,,,,,6.66,,,,,6.46,,,,,6.04,,,,,5.82,,,,,6.16,,,,,6.19,,,,,6.25,,,,,6.01,,,,,5.78,,,,,5.61,,,,,5.58,,,,,5.62,,,,,5.63,,,,,5.56,,,,,5.44,,,,,5.33,,,,,5.25,,,,,5.22,,,,,5.19,,,,,5.13
Austria,6.01,,,,,6.55,,,,,7.19,,,,,6.37,,,,,6,,,,,7.08,,,,,7.89,,,,,7.64,,,,,6.24,,,,,5.45,,,,,5.66,,,,,5.66,,,,,5.71,,,,,5.02,,,,,4.63,,,,,4.44,,,,,4.5,,,,,4.73,,,,,4.77,,,,,4.64,,,,,4.46,,,,,4.39,,,,,4.46,,,,,4.61,,,,,4.74,,,,,4.76,,,,,4.71,,,,,4.65,,,,,4.63,,,,,4.66,,,,,4.7
Azerbaijan,11.6,,,,,11.9,,,,,6.03,,,,,6.52,,,,,9,,,,,11.3,,,,,12.7,,,,,10.8,,,,,8.76,,,,,8.47,,,,,9.49,,,,,10.8,,,,,9.64,,,,,7.05,,,,,5.83,,,,,6.18,,,,,7.48,,,,,6.89,,,,,5.97,,,,,5.48,,,,,5.52,,,,,5.68,,,,,5.69,,,,,5.55,,,,,5.36,,,,,5.24,,,,,5.24,,,,,5.29,,,,,5.29,,,,,5.23,,,,,5.15
Bahamas,9.73,,,,,9.51,,,,,8.66,,,,,9.13,,,,,9.67,,,,,10.2,,,,,12.3,,,,,10.6,,,,,10.2,,,,,8.89,,,,,9.15,,,,,8.94,,,,,8.79,,,,,7.65,,,,,6,,,,,6.25,,,,,6.2,,,,,6.04,,,,,5.84,,,,,5.57,,,,,5.28,,,,,5.11,,,,,5.11,,,,,5.16,,,,,5.15,,,,,5.08,,,,,4.99,,,,,4.94,,,,,4.93,,,,,4.95,,,,,4.96
Bahrain,9.75,,,,,9.83,,,,,9.96,,,,,8.59,,,,,10.4,,,,,12.3,,,,,11.9,,,,,8.27,,,,,8.76,,,,,8.48,,,,,8.95,,,,,8.39,,,,,7.59,,,,,6.84,,,,,6.65,,,,,7.04,,,,,7.07,,,,,6.87,,,,,6.68,,,,,6.52,,,,,6.36,,,,,5.87,,,,,5.42,,,,,5.2,,,,,5.15,,,,,5.16,,,,,5.13,,,,,5.05,,,,,4.96,,,,,4.91,,,,,4.92
Bangladesh,10.1,,,,,10.2,,,,,10.1,,,,,9.73,,,,,9.33,,,,,9.45,,,,,11.1,,,,,11.4,,,,,10.8,,,,,11.1,,,,,11.1,,,,,10.8,,,,,10.2,,,,,9.86,,,,,9.35,,,,,8.48,,,,,7.86,,,,,7.41,,,,,6.92,,,,,6.45,,,,,6.01,,,,,5.65,,,,,5.39,,,,,5.19,,,,,5.03,,,,,4.9,,,,,4.8,,,,,4.73,,,,,4.68,,,,,4.66,,,,,4.65
Barbados,8.77,,,,,8.36,,,,,8.46,,,,,9.37,,,,,10.3,,,,,11.6,,,,,10.7,,,,,9.58,,,,,9.29,,,,,7.29,,,,,7.11,,,,,6.72,,,,,6.55,,,,,6.13,,,,,6.02,,,,,5.84,,,,,5.75,,,,,5.62,,,,,5.53,,,,,5.48,,,,,5.45,,,,,5.45,,,,,5.45,,,,,5.43,,,,,5.41,,,,,5.37,,,,,5.33,,,,,5.31,,,,,5.28,,,,,5.25,,,,,5.22
Belarus,9.33,,,,,9.29,,,,,5.86,,,,,6.32,,,,,7.77,,,,,8.71,,,,,8.02,,,,,6.76,,,,,6.67,,,,,6.8,,,,,7.4,,,,,7.29,,,,,5.78,,,,,4.42,,,,,4.29,,,,,5,,,,,5.7,,,,,5.59,,,,,5.26,,,,,4.84,,,,,4.69,,,,,4.96,,,,,5.37,,,,,5.56,,,,,5.45,,,,,5.23,,,,,5.11,,,,,5.17,,,,,5.34,,,,,5.43,,,,,5.37
Belgium,7.06,,,,,6.34,,,,,5.81,,,,,7.22,,,,,7.17,,,,,7.58,,,,,7.79,,,,,7.01,,,,,6.34,,,,,5.72,,,,,5.66,,,,,5.7,,,,,5.76,,,,,5.38,,,,,5.32,,,,,5.57,,,,,5.53,,,,,5.54,,,,,5.42,,,,,5.28,,,,,5.2,,,,,5.24,,,,,5.32,,,,,5.36,,,,,5.33,,,,,5.26,,,,,5.19,,,,,5.16,,,,,5.16,,,,,5.15,,,,,5.12
Belize,10.3,,,,,9.3,,,,,8.56,,,,,9.29,,,,,10.7,,,,,12,,,,,12.4,,,,,11.8,,,,,11.3,,,,,10.7,,,,,11,,,,,10.5,,,,,10.7,,,,,10.7,,,,,9.92,,,,,8.61,,,,,8.3,,,,,8.2,,,,,7.94,,,,,7.5,,,,,7.03,,,,,6.66,,,,,6.4,,,,,6.22,,,,,6.04,,,,,5.86,,,,,5.69,,,,,5.55,,,,,5.45,,,,,5.39,,,,,5.33
Benin,8.52,,,,,9.25,,,,,10,,,,,9.56,,,,,9.17,,,,,9.41,,,,,9.74,,,,,9.92,,,,,10,,,,,10.2,,,,,10.3,,,,,10.4,,,,,10.6,,,,,10.6,,,,,10.5,,,,,10.5,,,,,10.5,,,,,10.3,,,,,10.1,,,,,9.91,,,,,9.71,,,,,9.5,,,,,9.27,,,,,9.03,,,,,8.8,,,,,8.58,,,,,8.38,,,,,8.17,,,,,7.96,,,,,7.76,,,,,7.57
Bhutan,10.2,,,,,10.4,,,,,10.4,,,,,10.5,,,,,9.26,,,,,9.48,,,,,9.85,,,,,10.4,,,,,10.7,,,,,10.8,,,,,11.5,,,,,12.6,,,,,11.5,,,,,10.2,,,,,9,,,,,8.55,,,,,7.87,,,,,7.58,,,,,7.05,,,,,6.46,,,,,5.96,,,,,5.62,,,,,5.43,,,,,5.32,,,,,5.21,,,,,5.07,,,,,4.95,,,,,4.88,,,,,4.87,,,,,4.9,,,,,4.91
Bolivia,9.34,,,,,9.15,,,,,9.85,,,,,9.69,,,,,10.7,,,,,10.5,,,,,10.4,,,,,10.4,,,,,10.4,,,,,10.7,,,,,10.7,,,,,10.3,,,,,10.1,,,,,9.95,,,,,9.53,,,,,9.01,,,,,8.5,,,,,8.26,,,,,7.98,,,,,7.67,,,,,7.34,,,,,7.02,,,,,6.73,,,,,6.47,,,,,6.25,,,,,6.04,,,,,5.85,,,,,5.68,,,,,5.54,,,,,5.42,,,,,5.31
Bosnia and Herzegovina,11.8,,,,,11.2,,,,,8.31,,,,,10,,,,,10.7,,,,,10.2,,,,,10.3,,,,,8.99,,,,,8.18,,,,,7.2,,,,,7.19,,,,,7.24,,,,,6.49,,,,,6.28,,,,,4.81,,,,,4.75,,,,,4.53,,,,,4.61,,,,,4.79,,,,,4.76,,,,,4.53,,,,,4.35,,,,,4.34,,,,,4.47,,,,,4.63,,,,,4.72,,,,,4.69,,,,,4.61,,,,,4.6,,,,,4.66,,,,,4.76
Botswana,10.6,,,,,10.4,,,,,9.47,,,,,8.86,,,,,10.9,,,,,10.9,,,,,10.5,,,,,10.3,,,,,10.7,,,,,11.5,,,,,12.1,,,,,11.3,,,,,10.5,,,,,9.56,,,,,8.79,,,,,8.66,,,,,8.93,,,,,8.44,,,,,7.87,,,,,7.35,,,,,6.97,,,,,6.73,,,,,6.54,,,,,6.34,,,,,6.11,,,,,5.89,,,,,5.72,,,,,5.6,,,,,5.53,,,,,5.46,,,,,5.38
Brazil,9.9,,,,,10.1,,,,,9.46,,,,,9.99,,,,,10.6,,,,,10.8,,,,,11.1,,,,,10.4,,,,,9.9,,,,,10.1,,,,,10.1,,,,,9.23,,,,,8.53,,,,,8.17,,,,,7.36,,,,,6.58,,,,,6.29,,,,,5.94,,,,,5.58,,,,,5.28,,,,,5.04,,,,,4.87,,,,,4.74,,,,,4.67,,,,,4.6,,,,,4.56,,,,,4.53,,,,,4.52,,,,,4.53,,,,,4.54,,,,,4.55
Brunei,9.44,,,,,8.48,,,,,7.32,,,,,6.85,,,,,10.3,,,,,10.3,,,,,10.7,,,,,10.1,,,,,9.27,,,,,9.39,,,,,8.61,,,,,8.89,,,,,9.07,,,,,8.47,,,,,7.68,,,,,6.73,,,,,6.86,,,,,6.53,,,,,6.12,,,,,5.74,,,,,5.43,,,,,5.23,,,,,5.17,,,,,5.17,,,,,5.11,,,,,5.02,,,,,4.92,,,,,4.87,,,,,4.86,,,,,4.88,,,,,4.87
Bulgaria,9.32,,,,,7.68,,,,,7.37,,,,,8.33,,,,,7.85,,,,,7.28,,,,,6.81,,,,,6.64,,,,,7,,,,,7.01,,,,,6.41,,,,,6.28,,,,,5.11,,,,,4.01,,,,,4.23,,,,,4.94,,,,,4.85,,,,,4.87,,,,,4.78,,,,,4.58,,,,,4.5,,,,,4.71,,,,,4.98,,,,,5.1,,,,,5.09,,,,,5.02,,,,,4.97,,,,,5.02,,,,,5.11,,,,,5.17,,,,,5.15
Burkina Faso,10.4,,,,,10.4,,,,,10.4,,,,,10.1,,,,,10.1,,,,,10.2,,,,,10.2,,,,,10.3,,,,,10.3,,,,,10.7,,,,,10.8,,,,,10.6,,,,,10.6,,,,,10.6,,,,,10.8,,,,,11,,,,,10.9,,,,,10.6,,,,,10.4,,,,,10.2,,,,,10,,,,,9.77,,,,,9.47,,,,,9.15,,,,,8.85,,,,,8.56,,,,,8.3,,,,,8.05,,,,,7.79,,,,,7.53,,,,,7.29
Burundi,10,,,,,9.69,,,,,9.44,,,,,9.24,,,,,10.5,,,,,11,,,,,10.7,,,,,9.76,,,,,9.06,,,,,10.1,,,,,11.5,,,,,12.3,,,,,11.7,,,,,10.2,,,,,9.88,,,,,10.5,,,,,10.9,,,,,11,,,,,10.5,,,,,10,,,,,9.81,,,,,9.81,,,,,9.75,,,,,9.49,,,,,9.12,,,,,8.78,,,,,8.55,,,,,8.39,,,,,8.2,,,,,7.95,,,,,7.65
Cambodia,10.3,,,,,9.92,,,,,9.62,,,,,9.68,,,,,11.3,,,,,11.3,,,,,11.4,,,,,10.8,,,,,9.7,,,,,7.66,,,,,13,,,,,11.5,,,,,11,,,,,9.67,,,,,8.5,,,,,8.69,,,,,8.79,,,,,8.47,,,,,7.79,,,,,7.27,,,,,7,,,,,6.84,,,,,6.61,,,,,6.29,,,,,6,,,,,5.79,,,,,5.65,,,,,5.55,,,,,5.42,,,,,5.29,,,,,5.17
Cameroon,9.84,,,,,9.81,,,,,9.58,,,,,9.47,,,,,9.48,,,,,9.41,,,,,9.66,,,,,9.87,,,,,10.1,,,,,10.5,,,,,11.1,,,,,11.2,,,,,10.8,,,,,10.4,,,,,10.6,,,,,10.9,,,,,10.8,,,,,10.4,,,,,10.1,,,,,9.78,,,,,9.53,,,,,9.28,,,,,9.02,,,,,8.74,,,,,8.46,,,,,8.18,,,,,7.94,,,,,7.72,,,,,7.49,,,,,7.27,,,,,7.05
Canada,7.89,,,,,7.27,,,,,7.66,,,,,8.93,,,,,9.59,,,,,9.98,,,,,9.59,,,,,7.58,,,,,6.75,,,,,6.51,,,,,6.57,,,,,6.5,,,,,6.32,,,,,5.67,,,,,5.11,,,,,5.45,,,,,5.41,,,,,5.35,,,,,5.26,,,,,5.15,,,,,5.05,,,,,5.05,,,,,5.11,,,,,5.15,,,,,5.14,,,,,5.09,,,,,5.04,,,,,5.01,,,,,5,,,,,4.99,,,,,4.97
Cape Verde,11.5,,,,,10.3,,,,,7.05,,,,,6.51,,,,,10.7,,,,,11.8,,,,,14.2,,,,,11.8,,,,,9.83,,,,,9.85,,,,,11.3,,,,,12.3,,,,,11.6,,,,,10.7,,,,,9.7,,,,,8.97,,,,,8.35,,,,,8.07,,,,,7.64,,,,,7.12,,,,,6.62,,,,,6.23,,,,,5.93,,,,,5.7,,,,,5.51,,,,,5.34,,,,,5.21,,,,,5.1,,,,,5.03,,,,,4.99,,,,,4.95
Central African Republic,9.38,,,,,9.34,,,,,9.23,,,,,8.95,,,,,9.24,,,,,9.59,,,,,9.82,,,,,9.87,,,,,9.97,,,,,10.3,,,,,10.6,,,,,10.8,,,,,10.8,,,,,11.3,,,,,11.8,,,,,11.5,,,,,10.9,,,,,10.1,,,,,10.1,,,,,10.1,,,,,9.87,,,,,9.37,,,,,8.85,,,,,8.45,,,,,8.14,,,,,7.87,,,,,7.57,,,,,7.25,,,,,6.94,,,,,6.67,,,,,6.46
Chad,9.49,,,,,9.2,,,,,8.98,,,,,8.92,,,,,10.3,,,,,10,,,,,9.72,,,,,9.6,,,,,10,,,,,10.2,,,,,10.3,,,,,10.5,,,,,10.9,,,,,11.1,,,,,11.2,,,,,11.2,,,,,11.1,,,,,11,,,,,10.8,,,,,10.6,,,,,10.3,,,,,9.98,,,,,9.65,,,,,9.32,,,,,9,,,,,8.71,,,,,8.43,,,,,8.17,,,,,7.9,,,,,7.65,,,,,7.4
Chile,9.41,,,,,8.89,,,,,9.35,,,,,9.31,,,,,10.3,,,,,10.5,,,,,10.5,,,,,10.3,,,,,9.16,,,,,8.37,,,,,8.35,,,,,8.58,,,,,8.02,,,,,7.27,,,,,6.67,,,,,6.4,,,,,6.01,,,,,5.79,,,,,5.59,,,,,5.39,,,,,5.2,,,,,5.06,,,,,4.97,,,,,4.9,,,,,4.86,,,,,4.81,,,,,4.77,,,,,4.74,,,,,4.72,,,,,4.72,,,,,4.71
China,9.16,,,,,8.39,,,,,7.99,,,,,9.27,,,,,11.1,,,,,9.49,,,,,10.9,,,,,12.2,,,,,10.4,,,,,7.94,,,,,8.1,,,,,9.87,,,,,7.31,,,,,5.59,,,,,5.28,,,,,5.42,,,,,5.65,,,,,5.37,,,,,4.94,,,,,4.69,,,,,4.62,,,,,4.72,,,,,4.87,,,,,4.93,,,,,4.89,,,,,4.83,,,,,4.81,,,,,4.86,,,,,4.94,,,,,4.96,,,,,4.92
Colombia,9.78,,,,,9.4,,,,,9.44,,,,,10.3,,,,,11,,,,,11.3,,,,,11.7,,,,,11.5,,,,,10,,,,,10,,,,,10,,,,,9.5,,,,,8.98,,,,,8.16,,,,,7.75,,,,,7.16,,,,,6.64,,,,,6.24,,,,,5.86,,,,,5.57,,,,,5.34,,,,,5.16,,,,,5.03,,,,,4.92,,,,,4.84,,,,,4.78,,,,,4.75,,,,,4.73,,,,,4.73,,,,,4.72,,,,,4.72
Comoros,10.1,,,,,9.75,,,,,9.25,,,,,8.57,,,,,9.86,,,,,10.5,,,,,10.5,,,,,10.3,,,,,10.2,,,,,10.5,,,,,11.1,,,,,11.2,,,,,10.8,,,,,10.4,,,,,10.2,,,,,10.3,,,,,10.3,,,,,10,,,,,9.63,,,,,9.3,,,,,9.04,,,,,8.84,,,,,8.63,,,,,8.39,,,,,8.12,,,,,7.86,,,,,7.63,,,,,7.44,,,,,7.23,,,,,7.01,,,,,6.8
"Congo, Dem. Rep.",9.97,,,,,10.2,,,,,10.3,,,,,10.2,,,,,9.71,,,,,9.82,,,,,9.98,,,,,10.1,,,,,10.1,,,,,10.1,,,,,10.3,,,,,10.3,,,,,10.2,,,,,10.2,,,,,10.5,,,,,10.9,,,,,11,,,,,10.9,,,,,10.6,,,,,10.5,,,,,10.3,,,,,10,,,,,9.65,,,,,9.26,,,,,8.88,,,,,8.51,,,,,8.18,,,,,7.83,,,,,7.5,,,,,7.19,,,,,6.89
"Congo, Rep.",9.85,,,,,9.75,,,,,9.62,,,,,9.49,,,,,9.58,,,,,9.76,,,,,10,,,,,10.3,,,,,10.7,,,,,10.9,,,,,10.6,,,,,10.1,,,,,9.62,,,,,9.8,,,,,10.3,,,,,10.9,,,,,10.8,,,,,10.1,,,,,9.77,,,,,9.72,,,,,9.7,,,,,9.53,,,,,9.21,,,,,8.9,,,,,8.66,,,,,8.46,,,,,8.27,,,,,8.04,,,,,7.79,,,,,7.56,,,,,7.35
Costa Rica,10.1,,,,,9.91,,,,,9.83,,,,,10.5,,,,,10,,,,,11.3,,,,,11.7,,,,,10.6,,,,,8.94,,,,,9.21,,,,,9.59,,,,,9.5,,,,,8.88,,,,,8.09,,,,,7.03,,,,,6.74,,,,,6.33,,,,,6,,,,,5.64,,,,,5.35,,,,,5.12,,,,,4.95,,,,,4.85,,,,,4.76,,,,,4.69,,,,,4.62,,,,,4.58,,,,,4.57,,,,,4.57,,,,,4.58,,,,,4.58
Cote d'Ivoire,10.4,,,,,10.2,,,,,9.65,,,,,8.83,,,,,9.25,,,,,9.46,,,,,9.55,,,,,9.74,,,,,10.2,,,,,10.8,,,,,10.8,,,,,10.6,,,,,10.8,,,,,11.1,,,,,10.8,,,,,10.6,,,,,10.6,,,,,10.5,,,,,10.4,,,,,10.2,,,,,9.97,,,,,9.78,,,,,9.59,,,,,9.39,,,,,9.17,,,,,8.98,,,,,8.78,,,,,8.58,,,,,8.37,,,,,8.17,,,,,7.96
Croatia,8.97,,,,,7.99,,,,,6.75,,,,,8.25,,,,,8.44,,,,,7.76,,,,,7.18,,,,,6.47,,,,,6.63,,,,,6.47,,,,,6.44,,,,,6.1,,,,,5.25,,,,,5.36,,,,,4.63,,,,,5.05,,,,,4.88,,,,,4.6,,,,,4.41,,,,,4.35,,,,,4.35,,,,,4.44,,,,,4.55,,,,,4.56,,,,,4.5,,,,,4.47,,,,,4.49,,,,,4.56,,,,,4.64,,,,,4.68,,,,,4.66
Cuba,9.86,,,,,10.1,,,,,9.81,,,,,9.04,,,,,9.5,,,,,8.74,,,,,11.8,,,,,11.4,,,,,10.2,,,,,6.89,,,,,6.63,,,,,7.39,,,,,6.39,,,,,5.91,,,,,5.22,,,,,4.81,,,,,5.12,,,,,5,,,,,4.89,,,,,4.71,,,,,4.56,,,,,4.53,,,,,4.61,,,,,4.72,,,,,4.76,,,,,4.72,,,,,4.67,,,,,4.64,,,,,4.67,,,,,4.7,,,,,4.7
Cyprus,9.13,,,,,8.71,,,,,8.3,,,,,9.96,,,,,9.18,,,,,8.94,,,,,8.56,,,,,7.96,,,,,7.28,,,,,7.34,,,,,7.89,,,,,7.54,,,,,7.56,,,,,6.53,,,,,5.87,,,,,5.74,,,,,5.56,,,,,5.21,,,,,4.81,,,,,4.63,,,,,4.6,,,,,4.62,,,,,4.62,,,,,4.56,,,,,4.5,,,,,4.48,,,,,4.51,,,,,4.57,,,,,4.61,,,,,4.62,,,,,4.61
Czech Republic,6.68,,,,,5.68,,,,,7.22,,,,,8.61,,,,,8.21,,,,,6.75,,,,,6.23,,,,,6.23,,,,,7.74,,,,,8.18,,,,,6.39,,,,,6.03,,,,,5.51,,,,,4.11,,,,,4.37,,,,,5.21,,,,,5.1,,,,,5.03,,,,,4.81,,,,,4.53,,,,,4.43,,,,,4.68,,,,,4.99,,,,,5.1,,,,,5.06,,,,,4.94,,,,,4.86,,,,,4.9,,,,,5.03,,,,,5.11,,,,,5.08
Denmark,6.69,,,,,6.85,,,,,8.07,,,,,8.44,,,,,7.27,,,,,7.02,,,,,7.45,,,,,7.34,,,,,6.89,,,,,5.93,,,,,5.09,,,,,5.48,,,,,6.15,,,,,6.1,,,,,5.7,,,,,5.67,,,,,5.01,,,,,5.14,,,,,5.44,,,,,5.59,,,,,5.53,,,,,5.37,,,,,5.22,,,,,5.19,,,,,5.26,,,,,5.33,,,,,5.31,,,,,5.22,,,,,5.12,,,,,5.06,,,,,5.06
Djibouti,10.4,,,,,10.7,,,,,11,,,,,11.2,,,,,9.31,,,,,9.48,,,,,10.9,,,,,10.7,,,,,10.5,,,,,11.1,,,,,10.6,,,,,11.8,,,,,10.9,,,,,10.4,,,,,9.75,,,,,8.88,,,,,8.55,,,,,8.24,,,,,7.94,,,,,7.59,,,,,7.19,,,,,6.81,,,,,6.52,,,,,6.32,,,,,6.18,,,,,6.07,,,,,5.94,,,,,5.82,,,,,5.7,,,,,5.63,,,,,5.58
Dominican Republic,11.3,,,,,10.7,,,,,9.46,,,,,9.83,,,,,11,,,,,11.7,,,,,11.9,,,,,11.5,,,,,11,,,,,10.6,,,,,10.5,,,,,10.1,,,,,9.77,,,,,9.13,,,,,8.94,,,,,8.63,,,,,8.26,,,,,7.81,,,,,7.39,,,,,7.01,,,,,6.67,,,,,6.35,,,,,6.06,,,,,5.8,,,,,5.57,,,,,5.39,,,,,5.24,,,,,5.12,,,,,5.02,,,,,4.93,,,,,4.86
Ecuador,9.38,,,,,9.34,,,,,9.57,,,,,9.31,,,,,10.7,,,,,10.7,,,,,10.8,,,,,10.9,,,,,10.7,,,,,10.3,,,,,10,,,,,9.99,,,,,9.6,,,,,9.12,,,,,8.49,,,,,8.25,,,,,7.97,,,,,7.63,,,,,7.25,,,,,6.9,,,,,6.58,,,,,6.31,,,,,6.06,,,,,5.83,,,,,5.62,,,,,5.44,,,,,5.29,,,,,5.16,,,,,5.06,,,,,4.97,,,,,4.89
Egypt,10,,,,,8.82,,,,,7.97,,,,,9.91,,,,,9.62,,,,,10.2,,,,,10.3,,,,,10.1,,,,,9.58,,,,,10.1,,,,,10.9,,,,,11.3,,,,,9.79,,,,,8.56,,,,,8.46,,,,,8.56,,,,,10,,,,,9.14,,,,,8.27,,,,,7.79,,,,,7.78,,,,,7.86,,,,,7.64,,,,,7.28,,,,,6.92,,,,,6.67,,,,,6.52,,,,,6.37,,,,,6.17,,,,,5.95,,,,,5.76
El Salvador,10.4,,,,,10.2,,,,,9.86,,,,,9.72,,,,,10.5,,,,,10.7,,,,,10.6,,,,,10.6,,,,,10.6,,,,,10.2,,,,,9.6,,,,,9.71,,,,,10.3,,,,,10,,,,,8.44,,,,,7.68,,,,,7.27,,,,,7.13,,,,,6.79,,,,,6.32,,,,,5.84,,,,,5.45,,,,,5.2,,,,,5.05,,,,,4.91,,,,,4.75,,,,,4.59,,,,,4.48,,,,,4.42,,,,,4.41,,,,,4.41
Equatorial Guinea,9.19,,,,,8.88,,,,,8.88,,,,,8.67,,,,,9.87,,,,,9.8,,,,,9.79,,,,,9.88,,,,,8.58,,,,,9.25,,,,,10.4,,,,,9.54,,,,,9.01,,,,,9.11,,,,,9.59,,,,,10.4,,,,,10.4,,,,,10.4,,,,,10.3,,,,,10.1,,,,,9.64,,,,,9.24,,,,,8.88,,,,,8.52,,,,,8.18,,,,,7.84,,,,,7.5,,,,,7.19,,,,,6.9,,,,,6.64,,,,,6.41
Eritrea,10.3,,,,,10.5,,,,,10.6,,,,,10.5,,,,,9.48,,,,,9.95,,,,,10.1,,,,,10.2,,,,,10.2,,,,,10.7,,,,,12.5,,,,,12.7,,,,,10.7,,,,,9.84,,,,,10.8,,,,,11.3,,,,,10.7,,,,,10,,,,,9.49,,,,,9.17,,,,,9.02,,,,,8.81,,,,,8.47,,,,,8.06,,,,,7.7,,,,,7.43,,,,,7.22,,,,,7,,,,,6.73,,,,,6.47,,,,,6.23
Estonia,7.76,,,,,7.96,,,,,5.95,,,,,6.53,,,,,6.54,,,,,6.72,,,,,6.37,,,,,6.12,,,,,6.37,,,,,6.3,,,,,6.63,,,,,6.84,,,,,5.3,,,,,4.04,,,,,4.48,,,,,5.46,,,,,5.19,,,,,5.17,,,,,4.93,,,,,4.55,,,,,4.47,,,,,4.73,,,,,5,,,,,5.06,,,,,4.95,,,,,4.79,,,,,4.7,,,,,4.77,,,,,4.9,,,,,4.96,,,,,4.91
Ethiopia,9.96,,,,,10.2,,,,,10.3,,,,,10.3,,,,,9.95,,,,,9.82,,,,,9.48,,,,,9.7,,,,,10,,,,,10.2,,,,,10.8,,,,,10.6,,,,,11.1,,,,,11.7,,,,,11.3,,,,,10.6,,,,,10.3,,,,,9.93,,,,,9.53,,,,,9.05,,,,,8.58,,,,,8.11,,,,,7.72,,,,,7.34,,,,,6.99,,,,,6.66,,,,,6.37,,,,,6.11,,,,,5.9,,,,,5.72,,,,,5.57
Fiji,10.9,,,,,11,,,,,11,,,,,11,,,,,11.5,,,,,12.5,,,,,11.9,,,,,10.3,,,,,9.94,,,,,10.5,,,,,10.8,,,,,9.32,,,,,9.39,,,,,8.44,,,,,8.33,,,,,8.84,,,,,8.56,,,,,7.98,,,,,7.54,,,,,7.29,,,,,7.13,,,,,6.92,,,,,6.69,,,,,6.44,,,,,6.21,,,,,6,,,,,5.84,,,,,5.72,,,,,5.61,,,,,5.49,,,,,5.39
Finland,7.41,,,,,7.28,,,,,7.63,,,,,9.99,,,,,8.74,,,,,8.02,,,,,7.56,,,,,6.79,,,,,5.75,,,,,6.11,,,,,6.12,,,,,5.82,,,,,6.02,,,,,5.3,,,,,5.11,,,,,5.36,,,,,5.26,,,,,5.34,,,,,5.33,,,,,5.24,,,,,5.16,,,,,5.17,,,,,5.21,,,,,5.22,,,,,5.18,,,,,5.13,,,,,5.06,,,,,5.03,,,,,5.01,,,,,4.99,,,,,4.96
France,7.15,,,,,6.25,,,,,5.68,,,,,8.18,,,,,7.81,,,,,7.66,,,,,7.65,,,,,7.4,,,,,7.11,,,,,6.15,,,,,6.29,,,,,6.07,,,,,5.69,,,,,5.66,,,,,5.77,,,,,5.77,,,,,5.56,,,,,5.37,,,,,5.28,,,,,5.28,,,,,5.35,,,,,5.38,,,,,5.34,,,,,5.26,,,,,5.2,,,,,5.18,,,,,5.18,,,,,5.17,,,,,5.12,,,,,5.06,,,,,5
Gabon,8.19,,,,,8.1,,,,,7.89,,,,,7.97,,,,,7.66,,,,,7.75,,,,,8.3,,,,,9.05,,,,,9.4,,,,,9.8,,,,,10.3,,,,,10.5,,,,,10.3,,,,,9.61,,,,,9.23,,,,,9.65,,,,,10.2,,,,,9.85,,,,,9.14,,,,,8.63,,,,,8.3,,,,,8.12,,,,,7.95,,,,,7.73,,,,,7.43,,,,,7.11,,,,,6.84,,,,,6.63,,,,,6.46,,,,,6.28,,,,,6.11
Gambia,9.92,,,,,11.5,,,,,9.99,,,,,10.1,,,,,9.31,,,,,10,,,,,8.73,,,,,10.6,,,,,9.92,,,,,10.9,,,,,11.2,,,,,10.6,,,,,10.5,,,,,10.7,,,,,10.9,,,,,10.9,,,,,11,,,,,10.7,,,,,10.5,,,,,10.2,,,,,9.96,,,,,9.64,,,,,9.26,,,,,8.85,,,,,8.47,,,,,8.12,,,,,7.82,,,,,7.55,,,,,7.28,,,,,7.03,,,,,6.8
Georgia,8.93,,,,,10.3,,,,,6.84,,,,,6.74,,,,,8.21,,,,,8.98,,,,,8.85,,,,,7.68,,,,,7.09,,,,,7.1,,,,,7.47,,,,,8.31,,,,,7.37,,,,,5.39,,,,,4.84,,,,,5.8,,,,,6.57,,,,,6.09,,,,,5.57,,,,,5.25,,,,,5.27,,,,,5.51,,,,,5.7,,,,,5.63,,,,,5.39,,,,,5.2,,,,,5.17,,,,,5.26,,,,,5.32,,,,,5.27,,,,,5.12
Germany,6.87,,,,,8.1,,,,,6.43,,,,,5.74,,,,,6.3,,,,,6.97,,,,,7.84,,,,,7.45,,,,,5.35,,,,,5,,,,,5.35,,,,,5.51,,,,,4.95,,,,,4.77,,,,,4.44,,,,,4.23,,,,,4.33,,,,,4.52,,,,,4.62,,,,,4.55,,,,,4.42,,,,,4.34,,,,,4.38,,,,,4.5,,,,,4.62,,,,,4.67,,,,,4.64,,,,,4.58,,,,,4.53,,,,,4.54,,,,,4.57
Ghana,10.3,,,,,10.4,,,,,10.5,,,,,10.6,,,,,9.61,,,,,10,,,,,10.5,,,,,10.8,,,,,10.9,,,,,10.8,,,,,10.8,,,,,10.7,,,,,10.4,,,,,10.2,,,,,9.83,,,,,10,,,,,10.2,,,,,9.78,,,,,9.34,,,,,9.02,,,,,8.81,,,,,8.66,,,,,8.51,,,,,8.28,,,,,8,,,,,7.74,,,,,7.53,,,,,7.34,,,,,7.15,,,,,6.95,,,,,6.74
Greece,10.2,,,,,9.36,,,,,7.34,,,,,8.1,,,,,7.4,,,,,7.96,,,,,7.32,,,,,7.48,,,,,7.35,,,,,7.19,,,,,6.47,,,,,5.47,,,,,5,,,,,4.8,,,,,4.79,,,,,5.09,,,,,4.52,,,,,4.03,,,,,3.77,,,,,3.8,,,,,3.97,,,,,4.17,,,,,4.27,,,,,4.2,,,,,4.11,,,,,4.11,,,,,4.22,,,,,4.38,,,,,4.48,,,,,4.5,,,,,4.45
Grenada,8.45,,,,,9.42,,,,,7.69,,,,,9.12,,,,,10.3,,,,,13.1,,,,,12.8,,,,,11.5,,,,,10.2,,,,,10.2,,,,,11.4,,,,,12.6,,,,,10.5,,,,,8.96,,,,,7.71,,,,,8.03,,,,,8.24,,,,,7.96,,,,,7.14,,,,,6.29,,,,,5.84,,,,,5.81,,,,,5.83,,,,,5.67,,,,,5.35,,,,,5.02,,,,,4.87,,,,,4.91,,,,,4.99,,,,,4.97,,,,,4.85
Guatemala,10.8,,,,,9.89,,,,,9.46,,,,,9.67,,,,,11,,,,,10.8,,,,,10.5,,,,,10.5,,,,,10.9,,,,,11.2,,,,,11.2,,,,,10.8,,,,,11,,,,,10.9,,,,,10.5,,,,,9.45,,,,,8.97,,,,,8.66,,,,,8.3,,,,,7.88,,,,,7.44,,,,,7.05,,,,,6.69,,,,,6.39,,,,,6.13,,,,,5.9,,,,,5.69,,,,,5.51,,,,,5.35,,,,,5.23,,,,,5.12
Guinea,9.81,,,,,9.67,,,,,9.42,,,,,9.12,,,,,10.4,,,,,10.3,,,,,9.93,,,,,9.58,,,,,9.65,,,,,9.94,,,,,10.2,,,,,10.5,,,,,10.6,,,,,10.6,,,,,10.7,,,,,10.7,,,,,10.5,,,,,10.4,,,,,10.1,,,,,9.9,,,,,9.62,,,,,9.32,,,,,9.02,,,,,8.73,,,,,8.44,,,,,8.16,,,,,7.89,,,,,7.63,,,,,7.38,,,,,7.15,,,,,6.92
Guinea-Bissau,9.13,,,,,8.71,,,,,9.36,,,,,9.41,,,,,10.6,,,,,9.92,,,,,9.63,,,,,9.16,,,,,9.71,,,,,10.3,,,,,11.2,,,,,11.4,,,,,11,,,,,10.4,,,,,10.1,,,,,10.4,,,,,10.6,,,,,10.3,,,,,9.91,,,,,9.52,,,,,9.27,,,,,9.09,,,,,8.9,,,,,8.65,,,,,8.35,,,,,8.07,,,,,7.84,,,,,7.62,,,,,7.42,,,,,7.19,,,,,6.96
Guyana,9.45,,,,,9.47,,,,,9.1,,,,,9.84,,,,,11.5,,,,,12,,,,,11.8,,,,,13,,,,,11.6,,,,,10.7,,,,,9.23,,,,,9.41,,,,,11,,,,,10.7,,,,,9.56,,,,,8.46,,,,,8.43,,,,,8.38,,,,,8.1,,,,,7.74,,,,,7.36,,,,,7.03,,,,,6.79,,,,,6.58,,,,,6.37,,,,,6.16,,,,,5.98,,,,,5.83,,,,,5.71,,,,,5.62,,,,,5.53
Haiti,9.93,,,,,10.2,,,,,9.95,,,,,9.21,,,,,10.1,,,,,10.5,,,,,10.6,,,,,10.2,,,,,9.68,,,,,10.4,,,,,11.5,,,,,11.2,,,,,10.6,,,,,10.2,,,,,9.76,,,,,9.46,,,,,9,,,,,8.66,,,,,8.26,,,,,7.87,,,,,7.52,,,,,7.19,,,,,6.92,,,,,6.65,,,,,6.42,,,,,6.2,,,,,6.03,,,,,5.88,,,,,5.76,,,,,5.64,,,,,5.55
Honduras,10.1,,,,,9.62,,,,,9.29,,,,,9.71,,,,,10.7,,,,,10.8,,,,,10.8,,,,,10.9,,,,,10.9,,,,,11.1,,,,,11.1,,,,,10.9,,,,,11,,,,,10.7,,,,,10.2,,,,,9.19,,,,,8.25,,,,,7.92,,,,,7.58,,,,,7.18,,,,,6.72,,,,,6.31,,,,,5.97,,,,,5.71,,,,,5.51,,,,,5.35,,,,,5.22,,,,,5.09,,,,,5,,,,,4.93,,,,,4.89
Hungary,7.8,,,,,7.07,,,,,7.28,,,,,7.33,,,,,8.52,,,,,7.26,,,,,5.56,,,,,6.2,,,,,6.99,,,,,7.76,,,,,6.08,,,,,5.83,,,,,5.84,,,,,4.86,,,,,4.69,,,,,4.81,,,,,4.55,,,,,4.57,,,,,4.59,,,,,4.59,,,,,4.53,,,,,4.51,,,,,4.57,,,,,4.62,,,,,4.68,,,,,4.74,,,,,4.76,,,,,4.76,,,,,4.77,,,,,4.77,,,,,4.78
Iceland,8.38,,,,,7.16,,,,,8.04,,,,,9.06,,,,,9.63,,,,,10.1,,,,,9.76,,,,,8.58,,,,,8.15,,,,,7.75,,,,,7.6,,,,,7.08,,,,,7.4,,,,,6.51,,,,,6.21,,,,,6.42,,,,,6.2,,,,,5.89,,,,,5.71,,,,,5.5,,,,,5.33,,,,,5.26,,,,,5.23,,,,,5.16,,,,,5.06,,,,,4.97,,,,,4.89,,,,,4.85,,,,,4.83,,,,,4.81,,,,,4.77
India,10.3,,,,,10.1,,,,,9.35,,,,,9.36,,,,,10.4,,,,,10.4,,,,,10.3,,,,,10.1,,,,,10.1,,,,,10.1,,,,,10.3,,,,,10.1,,,,,9.58,,,,,9.26,,,,,8.92,,,,,8.47,,,,,7.7,,,,,7.44,,,,,7.19,,,,,6.93,,,,,6.6,,,,,6.27,,,,,6.02,,,,,5.85,,,,,5.71,,,,,5.57,,,,,5.44,,,,,5.32,,,,,5.23,,,,,5.17,,,,,5.13
Indonesia,10.8,,,,,10.9,,,,,9.99,,,,,8.95,,,,,9.35,,,,,10.4,,,,,10.8,,,,,11,,,,,10.9,,,,,10.6,,,,,10.4,,,,,9.66,,,,,9.03,,,,,8.53,,,,,8.43,,,,,8.09,,,,,8.05,,,,,7.54,,,,,7.13,,,,,6.84,,,,,6.65,,,,,6.49,,,,,6.32,,,,,6.14,,,,,5.96,,,,,5.82,,,,,5.72,,,,,5.64,,,,,5.57,,,,,5.49,,,,,5.42
Iran,10.2,,,,,9.3,,,,,8.02,,,,,8.84,,,,,10.7,,,,,10.8,,,,,10.5,,,,,9.98,,,,,10.3,,,,,11.3,,,,,13.2,,,,,13.3,,,,,9.45,,,,,6.59,,,,,6.25,,,,,7.3,,,,,7.59,,,,,6.7,,,,,5.52,,,,,4.67,,,,,4.47,,,,,4.73,,,,,5.01,,,,,4.96,,,,,4.66,,,,,4.39,,,,,4.36,,,,,4.55,,,,,4.78,,,,,4.86,,,,,4.75
Iraq,9.35,,,,,9.13,,,,,9.13,,,,,8.21,,,,,10.9,,,,,9.38,,,,,10,,,,,11.5,,,,,11.5,,,,,11.4,,,,,10.9,,,,,10.7,,,,,10.4,,,,,10.4,,,,,9.98,,,,,10.1,,,,,10.2,,,,,9.97,,,,,9.67,,,,,9.44,,,,,9.25,,,,,9.09,,,,,8.91,,,,,8.69,,,,,8.46,,,,,8.22,,,,,8.03,,,,,7.82,,,,,7.61,,,,,7.39,,,,,7.18
Ireland,7.62,,,,,7.68,,,,,8.22,,,,,9.32,,,,,9.36,,,,,8.89,,,,,9.43,,,,,8.66,,,,,9.56,,,,,9.48,,,,,8.79,,,,,6.96,,,,,5.82,,,,,5.59,,,,,6.23,,,,,6.88,,,,,6.64,,,,,5.92,,,,,5.34,,,,,5.12,,,,,5.31,,,,,5.6,,,,,5.71,,,,,5.57,,,,,5.32,,,,,5.15,,,,,5.15,,,,,5.23,,,,,5.28,,,,,5.24,,,,,5.12
Israel,8.51,,,,,7.88,,,,,7.52,,,,,9.73,,,,,10.6,,,,,9.18,,,,,8.44,,,,,8.38,,,,,9.32,,,,,8.93,,,,,8.4,,,,,7.86,,,,,7.32,,,,,7.47,,,,,7.5,,,,,7.78,,,,,8.16,,,,,7.63,,,,,7.22,,,,,6.99,,,,,6.93,,,,,6.93,,,,,6.87,,,,,6.69,,,,,6.43,,,,,6.17,,,,,5.98,,,,,5.86,,,,,5.76,,,,,5.64,,,,,5.48
Italy,8.42,,,,,8.2,,,,,7.19,,,,,7.75,,,,,7.01,,,,,7.12,,,,,7.75,,,,,7.7,,,,,7.21,,,,,5.95,,,,,5.08,,,,,4.7,,,,,4.56,,,,,4.44,,,,,4.55,,,,,4.62,,,,,4.28,,,,,4.13,,,,,4.07,,,,,4.14,,,,,4.28,,,,,4.41,,,,,4.48,,,,,4.48,,,,,4.48,,,,,4.51,,,,,4.56,,,,,4.61,,,,,4.62,,,,,4.6,,,,,4.56
Jamaica,9.84,,,,,9.3,,,,,9.11,,,,,9.94,,,,,8.92,,,,,11.3,,,,,11.4,,,,,11.6,,,,,10.6,,,,,9.69,,,,,9.57,,,,,9.2,,,,,9.6,,,,,9.39,,,,,7.73,,,,,7.01,,,,,6.29,,,,,7.08,,,,,6.62,,,,,6.06,,,,,5.53,,,,,5.15,,,,,4.99,,,,,4.97,,,,,4.94,,,,,4.8,,,,,4.57,,,,,4.4,,,,,4.35,,,,,4.4,,,,,4.43
Japan,9.98,,,,,9.38,,,,,9.71,,,,,10.7,,,,,8.58,,,,,6.89,,,,,6.75,,,,,7.13,,,,,7.79,,,,,6.56,,,,,5.71,,,,,5.03,,,,,4.54,,,,,4.45,,,,,4.28,,,,,4.27,,,,,4.23,,,,,4.14,,,,,4.07,,,,,4.07,,,,,4.12,,,,,4.18,,,,,4.23,,,,,4.27,,,,,4.3,,,,,4.33,,,,,4.37,,,,,4.41,,,,,4.44,,,,,4.45,,,,,4.44
Jordan,9.93,,,,,10.8,,,,,10.9,,,,,9.69,,,,,9.08,,,,,9.45,,,,,10.8,,,,,10.9,,,,,11.7,,,,,11.3,,,,,11.4,,,,,10.6,,,,,10.2,,,,,10.1,,,,,9.78,,,,,9.72,,,,,9.63,,,,,8.98,,,,,8.46,,,,,8.03,,,,,7.75,,,,,7.54,,,,,7.27,,,,,6.94,,,,,6.57,,,,,6.28,,,,,6.05,,,,,5.89,,,,,5.74,,,,,5.58,,,,,5.42
Kazakhstan,7.75,,,,,12.3,,,,,6.96,,,,,7.51,,,,,9.23,,,,,10.6,,,,,10.1,,,,,8.66,,,,,8.17,,,,,8.53,,,,,8.89,,,,,9.97,,,,,8.74,,,,,6.01,,,,,5.73,,,,,7.76,,,,,9.18,,,,,8.1,,,,,7.12,,,,,6.49,,,,,6.39,,,,,6.61,,,,,6.82,,,,,6.74,,,,,6.38,,,,,5.97,,,,,5.75,,,,,5.72,,,,,5.76,,,,,5.72,,,,,5.59
Kenya,10.2,,,,,9.17,,,,,8.22,,,,,9.44,,,,,10.5,,,,,10.6,,,,,10.6,,,,,10.7,,,,,11,,,,,11.5,,,,,11.8,,,,,11.6,,,,,10.5,,,,,10.8,,,,,10.8,,,,,10.8,,,,,10.1,,,,,9.71,,,,,9.39,,,,,9.14,,,,,8.86,,,,,8.53,,,,,8.18,,,,,7.87,,,,,7.58,,,,,7.31,,,,,7.06,,,,,6.8,,,,,6.54,,,,,6.3,,,,,6.1
Kiribati,10.9,,,,,10,,,,,8.8,,,,,9.9,,,,,10.8,,,,,11.8,,,,,11.9,,,,,11.8,,,,,8.63,,,,,9.32,,,,,10.5,,,,,11.3,,,,,10.3,,,,,10.2,,,,,8.17,,,,,9.83,,,,,9.73,,,,,9.58,,,,,9.2,,,,,8.62,,,,,8.18,,,,,8.15,,,,,8.29,,,,,8.21,,,,,7.91,,,,,7.51,,,,,7.18,,,,,7.02,,,,,6.99,,,,,6.93,,,,,6.73
Kuwait,10.9,,,,,8.85,,,,,8.86,,,,,8.62,,,,,8.45,,,,,9.22,,,,,9.86,,,,,9.4,,,,,10.1,,,,,8.06,,,,,9.01,,,,,8.28,,,,,7.51,,,,,6.21,,,,,6.05,,,,,6.9,,,,,7.3,,,,,7.21,,,,,6.42,,,,,6,,,,,5.92,,,,,5.96,,,,,6.04,,,,,6.02,,,,,5.86,,,,,5.69,,,,,5.6,,,,,5.6,,,,,5.61,,,,,5.6,,,,,5.53
Kyrgyz Republic,9.36,,,,,10.1,,,,,5.79,,,,,6.77,,,,,9.09,,,,,10.6,,,,,10.9,,,,,9.61,,,,,9.24,,,,,9.47,,,,,10.3,,,,,11.4,,,,,10.8,,,,,8.49,,,,,7.17,,,,,8.46,,,,,10,,,,,9.07,,,,,8.04,,,,,7.35,,,,,7.22,,,,,7.33,,,,,7.31,,,,,7.07,,,,,6.68,,,,,6.32,,,,,6.11,,,,,6.03,,,,,5.95,,,,,5.83,,,,,5.65
Lao,9.85,,,,,9.64,,,,,9.75,,,,,10.3,,,,,10.4,,,,,10.1,,,,,10.3,,,,,10.5,,,,,10.7,,,,,10.5,,,,,10.8,,,,,11.8,,,,,12,,,,,10.5,,,,,9.65,,,,,9.5,,,,,9.05,,,,,8.59,,,,,8.03,,,,,7.5,,,,,7.03,,,,,6.63,,,,,6.28,,,,,5.96,,,,,5.7,,,,,5.48,,,,,5.33,,,,,5.21,,,,,5.11,,,,,5.03,,,,,4.97
Latvia,7.78,,,,,8.03,,,,,6.77,,,,,6.09,,,,,6.17,,,,,6.91,,,,,6.66,,,,,5.79,,,,,6.34,,,,,5.98,,,,,6.79,,,,,7.3,,,,,5.66,,,,,3.92,,,,,4.19,,,,,5.14,,,,,5.08,,,,,4.97,,,,,4.77,,,,,4.44,,,,,4.35,,,,,4.68,,,,,5.07,,,,,5.19,,,,,5.09,,,,,4.91,,,,,4.81,,,,,4.88,,,,,5.04,,,,,5.14,,,,,5.1
Lebanon,9.9,,,,,8.98,,,,,7.99,,,,,8.44,,,,,10.9,,,,,11.2,,,,,10.9,,,,,10.3,,,,,9.87,,,,,9.7,,,,,9.32,,,,,10.7,,,,,10.9,,,,,9.83,,,,,8.24,,,,,6.08,,,,,5.6,,,,,5.43,,,,,6.06,,,,,5.98,,,,,5.33,,,,,4.65,,,,,4.33,,,,,4.41,,,,,4.66,,,,,4.81,,,,,4.71,,,,,4.5,,,,,4.38,,,,,4.45,,,,,4.61
Lesotho,9.47,,,,,9.75,,,,,10.1,,,,,10.5,,,,,10.2,,,,,10.2,,,,,10.3,,,,,10.5,,,,,10.4,,,,,10.6,,,,,11.2,,,,,11.4,,,,,11.3,,,,,11.1,,,,,10.1,,,,,9.7,,,,,10.2,,,,,10,,,,,9.55,,,,,8.97,,,,,8.57,,,,,8.25,,,,,7.95,,,,,7.62,,,,,7.29,,,,,6.99,,,,,6.71,,,,,6.48,,,,,6.28,,,,,6.1,,,,,5.94
Liberia,10.6,,,,,10.8,,,,,10.6,,,,,9.58,,,,,10.1,,,,,10.2,,,,,10.1,,,,,10.2,,,,,10.4,,,,,10.7,,,,,10.8,,,,,10.4,,,,,10,,,,,10.5,,,,,10.8,,,,,10.6,,,,,10.3,,,,,10.1,,,,,9.92,,,,,9.73,,,,,9.5,,,,,9.24,,,,,8.95,,,,,8.67,,,,,8.41,,,,,8.15,,,,,7.91,,,,,7.66,,,,,7.41,,,,,7.17,,,,,6.94
Libya,9.9,,,,,9.7,,,,,9.42,,,,,8.76,,,,,9.39,,,,,9.34,,,,,10,,,,,11.5,,,,,12.2,,,,,12.3,,,,,11.7,,,,,11.2,,,,,9.66,,,,,8.5,,,,,8.18,,,,,8.28,,,,,8.32,,,,,7.52,,,,,6.78,,,,,6.18,,,,,5.84,,,,,5.77,,,,,5.79,,,,,5.73,,,,,5.55,,,,,5.32,,,,,5.18,,,,,5.14,,,,,5.17,,,,,5.2,,,,,5.17
Lithuania,9.02,,,,,8.63,,,,,7.84,,,,,7.01,,,,,7.02,,,,,7.94,,,,,7.87,,,,,7.12,,,,,6.95,,,,,6.54,,,,,6.86,,,,,7.08,,,,,6.57,,,,,5.21,,,,,4.27,,,,,4.46,,,,,4.98,,,,,5.13,,,,,5.28,,,,,5.06,,,,,4.71,,,,,4.67,,,,,4.92,,,,,5.21,,,,,5.33,,,,,5.24,,,,,5.05,,,,,4.95,,,,,5.02,,,,,5.16,,,,,5.23
Luxembourg,7.43,,,,,6.57,,,,,6.22,,,,,6.33,,,,,6.85,,,,,7.44,,,,,7.42,,,,,6.78,,,,,5.53,,,,,5.24,,,,,5.33,,,,,5.67,,,,,5.75,,,,,5.86,,,,,5.6,,,,,5.41,,,,,5.41,,,,,5.63,,,,,5.58,,,,,5.51,,,,,5.45,,,,,5.37,,,,,5.34,,,,,5.37,,,,,5.41,,,,,5.39,,,,,5.34,,,,,5.27,,,,,5.2,,,,,5.15,,,,,5.12
Madagascar,10.2,,,,,9.74,,,,,9.1,,,,,9.04,,,,,10.4,,,,,10.5,,,,,10.5,,,,,10.5,,,,,10.7,,,,,10.7,,,,,10.4,,,,,10.4,,,,,10.8,,,,,11.1,,,,,10.8,,,,,10.4,,,,,10.1,,,,,10,,,,,9.89,,,,,9.66,,,,,9.34,,,,,9.03,,,,,8.78,,,,,8.55,,,,,8.33,,,,,8.08,,,,,7.83,,,,,7.59,,,,,7.36,,,,,7.15,,,,,6.93
Malawi,10,,,,,10.5,,,,,11,,,,,11.3,,,,,9.71,,,,,9.84,,,,,10,,,,,10.3,,,,,10.4,,,,,10.5,,,,,10.4,,,,,11.3,,,,,11.2,,,,,11.2,,,,,11.1,,,,,11.2,,,,,10.5,,,,,10.4,,,,,10.2,,,,,9.89,,,,,9.54,,,,,9.19,,,,,8.87,,,,,8.55,,,,,8.26,,,,,7.98,,,,,7.7,,,,,7.44,,,,,7.17,,,,,6.92,,,,,6.69
Malaysia,9.86,,,,,10.2,,,,,8.87,,,,,10.4,,,,,11.3,,,,,11.3,,,,,11.6,,,,,10.5,,,,,10.2,,,,,9.85,,,,,9.84,,,,,10.1,,,,,10.1,,,,,9.44,,,,,8.05,,,,,7.19,,,,,6.99,,,,,7.05,,,,,6.93,,,,,6.52,,,,,5.98,,,,,5.56,,,,,5.37,,,,,5.37,,,,,5.39,,,,,5.32,,,,,5.18,,,,,5.02,,,,,4.94,,,,,4.94,,,,,4.98
Maldives,12.3,,,,,13.2,,,,,11.5,,,,,8.55,,,,,8.65,,,,,10.5,,,,,11.2,,,,,10.9,,,,,10.4,,,,,10.5,,,,,12.8,,,,,13.3,,,,,11.3,,,,,8.17,,,,,6.74,,,,,7.2,,,,,8.12,,,,,7.77,,,,,6.68,,,,,5.56,,,,,5.01,,,,,5.07,,,,,5.33,,,,,5.33,,,,,5.03,,,,,4.66,,,,,4.49,,,,,4.57,,,,,4.75,,,,,4.84,,,,,4.76
Mali,9.6,,,,,9.52,,,,,10.2,,,,,9.68,,,,,10.3,,,,,10,,,,,9.93,,,,,10.1,,,,,10.6,,,,,10.8,,,,,10.8,,,,,10.4,,,,,10.3,,,,,10.4,,,,,11,,,,,11.5,,,,,11.3,,,,,11,,,,,10.8,,,,,10.7,,,,,10.5,,,,,10.2,,,,,9.84,,,,,9.44,,,,,9.08,,,,,8.73,,,,,8.42,,,,,8.1,,,,,7.79,,,,,7.5,,,,,7.21
Malta,8.86,,,,,9.89,,,,,6.88,,,,,10.7,,,,,9.96,,,,,8.73,,,,,8.46,,,,,6.63,,,,,7.06,,,,,7.48,,,,,7.12,,,,,6.84,,,,,6.21,,,,,5.4,,,,,4.71,,,,,4.53,,,,,4.82,,,,,4.95,,,,,5,,,,,4.86,,,,,4.59,,,,,4.42,,,,,4.46,,,,,4.62,,,,,4.76,,,,,4.78,,,,,4.72,,,,,4.63,,,,,4.61,,,,,4.68,,,,,4.75
Mauritania,10.8,,,,,10.6,,,,,10.2,,,,,9.97,,,,,9.8,,,,,10.4,,,,,10.6,,,,,10.6,,,,,10.6,,,,,10.7,,,,,10.6,,,,,10.5,,,,,10.4,,,,,10.2,,,,,10.1,,,,,10.1,,,,,10.2,,,,,9.97,,,,,9.72,,,,,9.47,,,,,9.26,,,,,9.09,,,,,8.91,,,,,8.72,,,,,8.5,,,,,8.3,,,,,8.11,,,,,7.92,,,,,7.74,,,,,7.58,,,,,7.41
Mauritius,10.3,,,,,10.2,,,,,10.2,,,,,10.3,,,,,10.6,,,,,11,,,,,11,,,,,11.4,,,,,10.4,,,,,9.18,,,,,8.44,,,,,7.71,,,,,8.27,,,,,7.35,,,,,7.19,,,,,6.05,,,,,5.13,,,,,4.93,,,,,4.97,,,,,5.08,,,,,5.02,,,,,4.81,,,,,4.59,,,,,4.49,,,,,4.56,,,,,4.69,,,,,4.77,,,,,4.76,,,,,4.7,,,,,4.68,,,,,4.73
Mexico,10.4,,,,,9.27,,,,,9.54,,,,,9.45,,,,,10.8,,,,,10.7,,,,,10.7,,,,,11.2,,,,,12.1,,,,,11.1,,,,,10.1,,,,,9.68,,,,,9.47,,,,,9.18,,,,,8.42,,,,,7.81,,,,,7.55,,,,,7.11,,,,,6.64,,,,,6.2,,,,,5.84,,,,,5.57,,,,,5.37,,,,,5.2,,,,,5.07,,,,,4.93,,,,,4.84,,,,,4.77,,,,,4.73,,,,,4.7,,,,,4.68
"Micronesia, Fed. Sts.",10,,,,,9.6,,,,,9.32,,,,,8.9,,,,,11.4,,,,,10.9,,,,,10.5,,,,,11.4,,,,,11.4,,,,,11.5,,,,,12.4,,,,,11.9,,,,,12.5,,,,,12.4,,,,,11.1,,,,,9.71,,,,,9.11,,,,,9.31,,,,,9.51,,,,,9.33,,,,,8.67,,,,,7.81,,,,,7.22,,,,,7.05,,,,,7.09,,,,,7.04,,,,,6.75,,,,,6.3,,,,,5.93,,,,,5.79,,,,,5.82
Moldova,9.17,,,,,9.87,,,,,7.5,,,,,6.95,,,,,9.51,,,,,9.73,,,,,9.01,,,,,7.65,,,,,7.43,,,,,7.97,,,,,9.03,,,,,9.46,,,,,7.71,,,,,5.64,,,,,4.59,,,,,5.01,,,,,5.21,,,,,4.8,,,,,4.37,,,,,4.1,,,,,3.95,,,,,4.02,,,,,4.2,,,,,4.3,,,,,4.28,,,,,4.24,,,,,4.28,,,,,4.42,,,,,4.59,,,,,4.7,,,,,4.72
Mongolia,8.91,,,,,8.79,,,,,8.15,,,,,7.49,,,,,8.82,,,,,9.57,,,,,11.3,,,,,11.1,,,,,11.1,,,,,10.8,,,,,11,,,,,12.5,,,,,9.97,,,,,7.53,,,,,6.6,,,,,7.88,,,,,9.64,,,,,8.7,,,,,7.68,,,,,6.9,,,,,6.54,,,,,6.59,,,,,6.81,,,,,6.93,,,,,6.69,,,,,6.24,,,,,5.91,,,,,5.81,,,,,5.84,,,,,5.9,,,,,5.85
Montenegro,10.5,,,,,10.3,,,,,9.05,,,,,8.56,,,,,9.95,,,,,9.78,,,,,9.58,,,,,8.29,,,,,8.19,,,,,7.49,,,,,7.72,,,,,7.13,,,,,6.83,,,,,6.34,,,,,5.9,,,,,5.91,,,,,5.62,,,,,5.35,,,,,5.18,,,,,5.06,,,,,4.99,,,,,4.95,,,,,4.9,,,,,4.84,,,,,4.78,,,,,4.76,,,,,4.76,,,,,4.77,,,,,4.77,,,,,4.76,,,,,4.74
Morocco,11.4,,,,,9.95,,,,,8.66,,,,,8.32,,,,,10.2,,,,,11.4,,,,,11.8,,,,,11.2,,,,,10.6,,,,,10.7,,,,,11.1,,,,,10.2,,,,,9.55,,,,,8.21,,,,,7.78,,,,,7.66,,,,,7.99,,,,,7.48,,,,,6.93,,,,,6.45,,,,,6.12,,,,,5.94,,,,,5.83,,,,,5.69,,,,,5.5,,,,,5.3,,,,,5.14,,,,,5.05,,,,,4.99,,,,,4.94,,,,,4.87
Mozambique,9.97,,,,,9.92,,,,,9.85,,,,,9.66,,,,,10,,,,,10.2,,,,,10.1,,,,,10.1,,,,,11,,,,,10.5,,,,,10.4,,,,,10.1,,,,,10.2,,,,,10.6,,,,,10.9,,,,,10.9,,,,,10.7,,,,,10.4,,,,,10.3,,,,,10.2,,,,,10,,,,,9.76,,,,,9.45,,,,,9.12,,,,,8.82,,,,,8.52,,,,,8.23,,,,,7.95,,,,,7.68,,,,,7.43,,,,,7.19
Myanmar,10,,,,,8.6,,,,,7.9,,,,,8.62,,,,,10.8,,,,,10.6,,,,,10.5,,,,,10.6,,,,,10.7,,,,,10.8,,,,,10.8,,,,,9.67,,,,,8.96,,,,,9.03,,,,,9.17,,,,,8.2,,,,,7.37,,,,,7.09,,,,,6.97,,,,,6.85,,,,,6.64,,,,,6.36,,,,,6.08,,,,,5.89,,,,,5.81,,,,,5.77,,,,,5.72,,,,,5.64,,,,,5.55,,,,,5.49,,,,,5.46
Namibia,9.39,,,,,9.04,,,,,9.36,,,,,9.6,,,,,10.2,,,,,10.1,,,,,10.1,,,,,10.5,,,,,11,,,,,10.8,,,,,10.4,,,,,10.9,,,,,11.5,,,,,10.7,,,,,9.81,,,,,9.47,,,,,9.95,,,,,9.65,,,,,9.23,,,,,8.76,,,,,8.35,,,,,8.06,,,,,7.82,,,,,7.55,,,,,7.24,,,,,6.92,,,,,6.64,,,,,6.41,,,,,6.22,,,,,6.06,,,,,5.88
Nepal,10.3,,,,,9.97,,,,,9.51,,,,,8.96,,,,,10.4,,,,,10.1,,,,,9.83,,,,,9.85,,,,,9.98,,,,,10.3,,,,,10.5,,,,,10.5,,,,,11,,,,,10.9,,,,,10.2,,,,,9.1,,,,,7.67,,,,,7.41,,,,,7.11,,,,,6.64,,,,,6.03,,,,,5.54,,,,,5.26,,,,,5.07,,,,,4.92,,,,,4.78,,,,,4.65,,,,,4.57,,,,,4.53,,,,,4.54,,,,,4.55
Netherlands,7.92,,,,,7.4,,,,,7.77,,,,,9.36,,,,,8.31,,,,,8.34,,,,,8.61,,,,,8.21,,,,,6.96,,,,,5.77,,,,,5.69,,,,,5.85,,,,,5.92,,,,,5.78,,,,,5.74,,,,,5.26,,,,,4.99,,,,,5.06,,,,,5.16,,,,,5.18,,,,,5.13,,,,,5.04,,,,,4.95,,,,,4.95,,,,,5.02,,,,,5.05,,,,,5.03,,,,,4.96,,,,,4.89,,,,,4.86,,,,,4.87
New Zealand,6.85,,,,,6.88,,,,,7.54,,,,,9.09,,,,,9.03,,,,,9.44,,,,,9.59,,,,,9.01,,,,,8.44,,,,,7.17,,,,,6.89,,,,,7.13,,,,,7.03,,,,,6.57,,,,,6.05,,,,,6.24,,,,,6,,,,,5.88,,,,,5.78,,,,,5.64,,,,,5.49,,,,,5.39,,,,,5.35,,,,,5.3,,,,,5.24,,,,,5.15,,,,,5.07,,,,,5,,,,,4.96,,,,,4.92,,,,,4.88
Nicaragua,10.7,,,,,10,,,,,9.52,,,,,8.64,,,,,11.2,,,,,11.5,,,,,10.7,,,,,10.4,,,,,10.9,,,,,11.3,,,,,11.6,,,,,11.2,,,,,10.4,,,,,9.47,,,,,8.66,,,,,8.3,,,,,7.81,,,,,7.31,,,,,6.76,,,,,6.28,,,,,5.88,,,,,5.58,,,,,5.33,,,,,5.12,,,,,4.95,,,,,4.79,,,,,4.69,,,,,4.62,,,,,4.56,,,,,4.53,,,,,4.5
Niger,10.6,,,,,11,,,,,11.5,,,,,11,,,,,9.98,,,,,10.2,,,,,10.4,,,,,10.4,,,,,10.2,,,,,10.3,,,,,10.3,,,,,9.9,,,,,10,,,,,10.4,,,,,10.7,,,,,10.9,,,,,10.9,,,,,11,,,,,11,,,,,11,,,,,11,,,,,10.9,,,,,10.7,,,,,10.5,,,,,10.2,,,,,9.91,,,,,9.6,,,,,9.27,,,,,8.96,,,,,8.62,,,,,8.31
Nigeria,9.9,,,,,10.1,,,,,10.2,,,,,10,,,,,9.86,,,,,9.95,,,,,9.94,,,,,9.87,,,,,10.3,,,,,10.7,,,,,10.8,,,,,10.5,,,,,10.2,,,,,10.3,,,,,10.6,,,,,10.8,,,,,10.8,,,,,10.6,,,,,10.4,,,,,10.2,,,,,10.1,,,,,9.9,,,,,9.65,,,,,9.36,,,,,9.05,,,,,8.74,,,,,8.48,,,,,8.23,,,,,7.97,,,,,7.7,,,,,7.45
North Korea,11.3,,,,,13,,,,,11.9,,,,,10.3,,,,,6.42,,,,,10.7,,,,,9.25,,,,,11.9,,,,,10.9,,,,,7.26,,,,,7.81,,,,,7.65,,,,,7.87,,,,,7.39,,,,,6.97,,,,,6.26,,,,,6.05,,,,,6.07,,,,,6.05,,,,,5.88,,,,,5.61,,,,,5.36,,,,,5.26,,,,,5.31,,,,,5.35,,,,,5.3,,,,,5.18,,,,,5.06,,,,,5.01,,,,,5.03,,,,,5.06
North Macedonia,10.4,,,,,9.9,,,,,9.11,,,,,10,,,,,11.3,,,,,9.87,,,,,9.2,,,,,9.28,,,,,8.25,,,,,8.07,,,,,8.21,,,,,7.84,,,,,7.37,,,,,6.13,,,,,5.63,,,,,5.21,,,,,5.39,,,,,5.44,,,,,5.33,,,,,5.08,,,,,4.84,,,,,4.73,,,,,4.79,,,,,4.92,,,,,5,,,,,4.97,,,,,4.89,,,,,4.84,,,,,4.86,,,,,4.93,,,,,4.96
Norway,6.18,,,,,5.99,,,,,7.02,,,,,8.24,,,,,7.56,,,,,7.48,,,,,7.42,,,,,7.76,,,,,7.18,,,,,5.96,,,,,5.71,,,,,6.14,,,,,6.46,,,,,6.13,,,,,5.85,,,,,5.82,,,,,5.49,,,,,5.57,,,,,5.6,,,,,5.55,,,,,5.47,,,,,5.38,,,,,5.33,,,,,5.32,,,,,5.32,,,,,5.3,,,,,5.25,,,,,5.18,,,,,5.13,,,,,5.1,,,,,5.07
Oman,10.2,,,,,10.3,,,,,10.2,,,,,9.83,,,,,9.63,,,,,9.92,,,,,9.67,,,,,9.26,,,,,9.11,,,,,11.1,,,,,12.3,,,,,12.7,,,,,10.8,,,,,7.74,,,,,7.66,,,,,8.12,,,,,9.2,,,,,8.99,,,,,8.06,,,,,6.92,,,,,6.21,,,,,5.99,,,,,6.03,,,,,5.99,,,,,5.74,,,,,5.38,,,,,5.1,,,,,4.99,,,,,5.02,,,,,5.07,,,,,5.03
Pakistan,10.2,,,,,10.5,,,,,10.8,,,,,9.89,,,,,9.22,,,,,9.98,,,,,10.4,,,,,10.4,,,,,10.1,,,,,10.2,,,,,10.7,,,,,11.5,,,,,11,,,,,10.1,,,,,9.17,,,,,9.51,,,,,9.72,,,,,9.34,,,,,8.74,,,,,8.21,,,,,7.89,,,,,7.76,,,,,7.6,,,,,7.31,,,,,6.95,,,,,6.65,,,,,6.44,,,,,6.28,,,,,6.13,,,,,5.96,,,,,5.78
Palestine,9.98,,,,,10.6,,,,,10.5,,,,,10.1,,,,,9.93,,,,,9.95,,,,,11.1,,,,,11.3,,,,,10.9,,,,,10.7,,,,,10.5,,,,,11.1,,,,,12,,,,,11.3,,,,,10.2,,,,,10.1,,,,,10.1,,,,,9.95,,,,,9.58,,,,,9.12,,,,,8.7,,,,,8.38,,,,,8.13,,,,,7.88,,,,,7.6,,,,,7.29,,,,,7.02,,,,,6.76,,,,,6.55,,,,,6.34,,,,,6.14
Panama,10.2,,,,,10.2,,,,,10.2,,,,,10.2,,,,,10.5,,,,,10.8,,,,,11,,,,,11,,,,,10.8,,,,,10.2,,,,,9.55,,,,,9.16,,,,,8.72,,,,,8.54,,,,,8.14,,,,,7.92,,,,,7.77,,,,,7.37,,,,,7.05,,,,,6.78,,,,,6.54,,,,,6.3,,,,,6.09,,,,,5.89,,,,,5.7,,,,,5.54,,,,,5.4,,,,,5.28,,,,,5.17,,,,,5.08,,,,,4.99
Papua New Guinea,10.2,,,,,10,,,,,9.75,,,,,9.93,,,,,10.8,,,,,10.6,,,,,10.5,,,,,10.5,,,,,10.7,,,,,10.8,,,,,10.6,,,,,10.1,,,,,9.94,,,,,10.3,,,,,10.1,,,,,9.87,,,,,9.44,,,,,9.16,,,,,8.95,,,,,8.74,,,,,8.52,,,,,8.28,,,,,8.04,,,,,7.81,,,,,7.6,,,,,7.41,,,,,7.22,,,,,7.03,,,,,6.84,,,,,6.66,,,,,6.48
Paraguay,9.83,,,,,10,,,,,9.95,,,,,10.3,,,,,11.1,,,,,11.1,,,,,11,,,,,10.8,,,,,9.96,,,,,10.3,,,,,10.9,,,,,11,,,,,10.7,,,,,10.3,,,,,9.14,,,,,8.74,,,,,8.31,,,,,8.14,,,,,7.82,,,,,7.4,,,,,6.99,,,,,6.66,,,,,6.4,,,,,6.19,,,,,5.99,,,,,5.82,,,,,5.67,,,,,5.54,,,,,5.43,,,,,5.32,,,,,5.22
Peru,10.1,,,,,9.93,,,,,9.6,,,,,9.73,,,,,10.3,,,,,10.6,,,,,10.9,,,,,11,,,,,10.6,,,,,10.7,,,,,10.2,,,,,10.1,,,,,9.51,,,,,8.61,,,,,8.21,,,,,7.96,,,,,7.86,,,,,7.44,,,,,6.99,,,,,6.59,,,,,6.27,,,,,6.02,,,,,5.83,,,,,5.63,,,,,5.43,,,,,5.26,,,,,5.13,,,,,5.03,,,,,4.96,,,,,4.89,,,,,4.83
Philippines,9.79,,,,,9.7,,,,,9.61,,,,,9.67,,,,,11.5,,,,,11.3,,,,,11.2,,,,,10.9,,,,,10.6,,,,,10.5,,,,,10.4,,,,,10.4,,,,,10.4,,,,,9.82,,,,,9.17,,,,,8.97,,,,,8.76,,,,,8.52,,,,,8.24,,,,,7.95,,,,,7.68,,,,,7.4,,,,,7.15,,,,,6.92,,,,,6.7,,,,,6.47,,,,,6.26,,,,,6.08,,,,,5.92,,,,,5.77,,,,,5.64
Poland,9.3,,,,,8.08,,,,,6.31,,,,,8.68,,,,,10.1,,,,,9.84,,,,,7.44,,,,,6.49,,,,,7.13,,,,,7.91,,,,,8.26,,,,,7.19,,,,,6.18,,,,,4.98,,,,,4.43,,,,,5.02,,,,,4.86,,,,,4.49,,,,,4.16,,,,,3.97,,,,,3.89,,,,,4.03,,,,,4.2,,,,,4.24,,,,,4.17,,,,,4.13,,,,,4.17,,,,,4.29,,,,,4.45,,,,,4.54,,,,,4.54
Portugal,9.3,,,,,8.5,,,,,8.13,,,,,8.07,,,,,8.26,,,,,8.09,,,,,8.33,,,,,7.79,,,,,8.03,,,,,7.47,,,,,6.47,,,,,5.35,,,,,5.04,,,,,4.99,,,,,4.79,,,,,4.6,,,,,4.19,,,,,3.77,,,,,3.61,,,,,3.72,,,,,3.89,,,,,4.01,,,,,4.02,,,,,3.98,,,,,3.95,,,,,4.02,,,,,4.17,,,,,4.31,,,,,4.38,,,,,4.38,,,,,4.35
Qatar,9.89,,,,,9.48,,,,,9.26,,,,,9.27,,,,,9.3,,,,,9.78,,,,,9.45,,,,,9.06,,,,,7.9,,,,,8.2,,,,,9.47,,,,,8.4,,,,,6.33,,,,,5.8,,,,,6.71,,,,,7.44,,,,,7.6,,,,,7.38,,,,,6.99,,,,,6.53,,,,,5.99,,,,,5.68,,,,,5.61,,,,,5.58,,,,,5.55,,,,,5.45,,,,,5.34,,,,,5.26,,,,,5.23,,,,,5.24,,,,,5.24
Romania,9.44,,,,,9.21,,,,,6.66,,,,,7.94,,,,,8.9,,,,,8.17,,,,,6.17,,,,,8.3,,,,,8.09,,,,,8.26,,,,,7.44,,,,,7.57,,,,,5.53,,,,,5.17,,,,,5.03,,,,,5.17,,,,,4.89,,,,,4.81,,,,,4.73,,,,,4.66,,,,,4.66,,,,,4.75,,,,,4.8,,,,,4.81,,,,,4.81,,,,,4.82,,,,,4.84,,,,,4.88,,,,,4.91,,,,,4.9,,,,,4.87
Russia,8.88,,,,,10.1,,,,,5.17,,,,,7.38,,,,,8.39,,,,,8.67,,,,,7.64,,,,,6,,,,,6.33,,,,,6.73,,,,,7.65,,,,,7.77,,,,,5.59,,,,,4,,,,,4.44,,,,,5.11,,,,,6.07,,,,,5.88,,,,,5.46,,,,,4.95,,,,,4.8,,,,,5.14,,,,,5.61,,,,,5.82,,,,,5.68,,,,,5.41,,,,,5.27,,,,,5.33,,,,,5.51,,,,,5.61,,,,,5.55
Rwanda,10.9,,,,,9.17,,,,,8.64,,,,,10.1,,,,,11.2,,,,,11.3,,,,,10.4,,,,,9.88,,,,,10.3,,,,,12,,,,,12.9,,,,,12.3,,,,,10.1,,,,,10.2,,,,,10.5,,,,,10.8,,,,,10.4,,,,,9.74,,,,,9.08,,,,,8.73,,,,,8.55,,,,,8.32,,,,,7.93,,,,,7.45,,,,,7.01,,,,,6.69,,,,,6.42,,,,,6.19,,,,,5.93,,,,,5.69,,,,,5.48
Samoa,10.2,,,,,10.2,,,,,10.2,,,,,9.71,,,,,11.5,,,,,11.8,,,,,13.4,,,,,13.1,,,,,12.6,,,,,10.6,,,,,9.83,,,,,9.7,,,,,10.2,,,,,10.4,,,,,10.6,,,,,11.3,,,,,10.3,,,,,9.28,,,,,8.86,,,,,8.81,,,,,9,,,,,8.97,,,,,8.53,,,,,7.9,,,,,7.38,,,,,7.16,,,,,7.1,,,,,6.98,,,,,6.68,,,,,6.28,,,,,5.92
Sao Tome and Principe,5.67,,,,,5.65,,,,,5.67,,,,,8.31,,,,,10.8,,,,,11.2,,,,,10.8,,,,,10.4,,,,,10.5,,,,,12.7,,,,,10.7,,,,,11.7,,,,,10.4,,,,,10.5,,,,,11.3,,,,,11.2,,,,,10.8,,,,,10.3,,,,,9.97,,,,,9.79,,,,,9.57,,,,,9.29,,,,,9.01,,,,,8.71,,,,,8.43,,,,,8.16,,,,,7.92,,,,,7.71,,,,,7.5,,,,,7.28,,,,,7.08
Saudi Arabia,9.85,,,,,9.77,,,,,9.75,,,,,9.93,,,,,9.86,,,,,9.76,,,,,9.86,,,,,9.88,,,,,9.44,,,,,10.6,,,,,10.4,,,,,11,,,,,10.8,,,,,8.41,,,,,7.43,,,,,7.83,,,,,8,,,,,8.22,,,,,7.59,,,,,6.73,,,,,6.12,,,,,5.83,,,,,5.82,,,,,5.86,,,,,5.76,,,,,5.52,,,,,5.26,,,,,5.11,,,,,5.09,,,,,5.12,,,,,5.12
Senegal,9.98,,,,,9.84,,,,,9.57,,,,,9.36,,,,,10.1,,,,,10,,,,,9.98,,,,,10.2,,,,,10.6,,,,,11,,,,,11.3,,,,,11.1,,,,,10.7,,,,,10.2,,,,,10.2,,,,,10.6,,,,,10.8,,,,,10.3,,,,,9.88,,,,,9.55,,,,,9.35,,,,,9.2,,,,,9,,,,,8.75,,,,,8.46,,,,,8.18,,,,,7.95,,,,,7.75,,,,,7.54,,,,,7.33,,,,,7.12
Serbia,9.94,,,,,8.36,,,,,6.71,,,,,8.9,,,,,9.57,,,,,7.82,,,,,7.26,,,,,7.14,,,,,7.43,,,,,7.68,,,,,6.83,,,,,6.91,,,,,6.23,,,,,5.77,,,,,5.69,,,,,5.33,,,,,5.25,,,,,5.26,,,,,5.23,,,,,5.15,,,,,5.06,,,,,4.99,,,,,4.95,,,,,4.97,,,,,5,,,,,5,,,,,4.98,,,,,4.95,,,,,4.93,,,,,4.93,,,,,4.94
Seychelles,8.48,,,,,8.97,,,,,7.93,,,,,7.65,,,,,10.5,,,,,11.1,,,,,11.6,,,,,10.9,,,,,10.4,,,,,9.92,,,,,9.79,,,,,8.14,,,,,8.06,,,,,6.01,,,,,5.9,,,,,6.66,,,,,7.42,,,,,6.79,,,,,5.95,,,,,5.57,,,,,5.59,,,,,5.79,,,,,5.9,,,,,5.77,,,,,5.5,,,,,5.3,,,,,5.25,,,,,5.29,,,,,5.29,,,,,5.2,,,,,5.06
Sierra Leone,9.74,,,,,9.75,,,,,9.82,,,,,9.8,,,,,9.75,,,,,9.54,,,,,9.65,,,,,9.89,,,,,10.4,,,,,10.7,,,,,10.9,,,,,10.7,,,,,10.7,,,,,10.9,,,,,11.1,,,,,11.2,,,,,10.7,,,,,10.4,,,,,10,,,,,9.7,,,,,9.35,,,,,8.98,,,,,8.62,,,,,8.28,,,,,7.98,,,,,7.68,,,,,7.41,,,,,7.16,,,,,6.94,,,,,6.74,,,,,6.57
Singapore,9.88,,,,,10.1,,,,,9.13,,,,,10.2,,,,,11.8,,,,,12.8,,,,,11.7,,,,,9.16,,,,,8.23,,,,,6.25,,,,,6.26,,,,,6.56,,,,,6.79,,,,,6.15,,,,,5.46,,,,,4.94,,,,,4.57,,,,,4.34,,,,,4.18,,,,,4.13,,,,,4.03,,,,,3.92,,,,,3.84,,,,,3.8,,,,,3.8,,,,,3.82,,,,,3.82,,,,,3.79,,,,,3.75,,,,,3.73,,,,,3.72
Slovak Republic,8.69,,,,,7.58,,,,,7.64,,,,,8.32,,,,,9.79,,,,,9.07,,,,,7.84,,,,,6.97,,,,,7.85,,,,,8.5,,,,,7.93,,,,,7.29,,,,,6.34,,,,,5.05,,,,,4.58,,,,,4.94,,,,,5.03,,,,,5.02,,,,,4.89,,,,,4.62,,,,,4.4,,,,,4.42,,,,,4.63,,,,,4.8,,,,,4.86,,,,,4.82,,,,,4.74,,,,,4.72,,,,,4.79,,,,,4.88,,,,,4.93
Slovenia,8.69,,,,,7.75,,,,,7.25,,,,,8.26,,,,,8.33,,,,,7.26,,,,,7.31,,,,,7.11,,,,,6.85,,,,,7.17,,,,,6.72,,,,,5.95,,,,,4.84,,,,,4.39,,,,,4.27,,,,,4.92,,,,,5.18,,,,,5.01,,,,,4.68,,,,,4.4,,,,,4.37,,,,,4.61,,,,,4.92,,,,,5.05,,,,,4.96,,,,,4.81,,,,,4.74,,,,,4.81,,,,,4.93,,,,,4.99,,,,,4.94
Solomon Islands,11.9,,,,,10.3,,,,,11.9,,,,,10.7,,,,,10.4,,,,,10,,,,,10.1,,,,,10,,,,,11.6,,,,,11.7,,,,,10.8,,,,,10.4,,,,,10.2,,,,,10.5,,,,,10.7,,,,,10.7,,,,,10.2,,,,,9.58,,,,,9.17,,,,,8.96,,,,,8.8,,,,,8.55,,,,,8.24,,,,,7.88,,,,,7.57,,,,,7.3,,,,,7.08,,,,,6.86,,,,,6.62,,,,,6.38,,,,,6.16
Somalia,9.4,,,,,9.99,,,,,9.49,,,,,9.86,,,,,10.1,,,,,10.1,,,,,10.1,,,,,10.6,,,,,10.6,,,,,9.94,,,,,9.57,,,,,9.96,,,,,10.5,,,,,11,,,,,10.8,,,,,10.8,,,,,10.7,,,,,10.8,,,,,10.8,,,,,10.6,,,,,10.4,,,,,10.2,,,,,9.96,,,,,9.75,,,,,9.49,,,,,9.21,,,,,8.92,,,,,8.66,,,,,8.4,,,,,8.15,,,,,7.91
South Africa,9.61,,,,,9.5,,,,,9.43,,,,,9.32,,,,,10.5,,,,,10.4,,,,,10.4,,,,,10.3,,,,,10.6,,,,,10.5,,,,,10.6,,,,,10.3,,,,,9.67,,,,,9.06,,,,,8.6,,,,,8.44,,,,,8.47,,,,,8.14,,,,,7.74,,,,,7.36,,,,,7.06,,,,,6.85,,,,,6.66,,,,,6.44,,,,,6.22,,,,,6.01,,,,,5.85,,,,,5.73,,,,,5.63,,,,,5.54,,,,,5.45
South Korea,10,,,,,10.6,,,,,9.04,,,,,9.25,,,,,9.9,,,,,11.8,,,,,11.3,,,,,10.5,,,,,10.1,,,,,8.54,,,,,7.87,,,,,5.99,,,,,6.63,,,,,5.98,,,,,4.69,,,,,4.28,,,,,4.14,,,,,4.19,,,,,4.25,,,,,4.36,,,,,4.24,,,,,3.96,,,,,3.85,,,,,3.96,,,,,4.17,,,,,4.37,,,,,4.49,,,,,4.44,,,,,4.3,,,,,4.25,,,,,4.31
South Sudan,10.4,,,,,10.7,,,,,10.8,,,,,10.4,,,,,9.17,,,,,9.71,,,,,10.1,,,,,10.4,,,,,10.3,,,,,10.2,,,,,9.99,,,,,10.5,,,,,10.8,,,,,10.9,,,,,10.7,,,,,10.6,,,,,10.4,,,,,10.3,,,,,10.2,,,,,9.89,,,,,9.57,,,,,9.27,,,,,9,,,,,8.75,,,,,8.48,,,,,8.21,,,,,7.94,,,,,7.68,,,,,7.45,,,,,7.22,,,,,6.99
Spain,9.5,,,,,7.61,,,,,7.73,,,,,7.74,,,,,7.59,,,,,8.17,,,,,8.39,,,,,8.09,,,,,8.16,,,,,7.72,,,,,6.18,,,,,5.05,,,,,4.53,,,,,4.32,,,,,4.73,,,,,5.1,,,,,4.56,,,,,4.21,,,,,3.91,,,,,3.82,,,,,3.93,,,,,4.14,,,,,4.31,,,,,4.32,,,,,4.25,,,,,4.21,,,,,4.24,,,,,4.32,,,,,4.39,,,,,4.42,,,,,4.38
Sri Lanka,9.69,,,,,9.76,,,,,9.9,,,,,10.7,,,,,10.7,,,,,11.4,,,,,10.8,,,,,10.5,,,,,9.78,,,,,9.95,,,,,9.73,,,,,8.45,,,,,7.86,,,,,7.35,,,,,7.59,,,,,7.57,,,,,6.85,,,,,6.31,,,,,5.87,,,,,5.67,,,,,5.66,,,,,5.63,,,,,5.43,,,,,5.14,,,,,4.91,,,,,4.82,,,,,4.82,,,,,4.86,,,,,4.81,,,,,4.69,,,,,4.57
St. Lucia,9.24,,,,,9.31,,,,,9.53,,,,,9.67,,,,,9.48,,,,,10.7,,,,,12.1,,,,,11.6,,,,,10.7,,,,,9.41,,,,,10.3,,,,,10.5,,,,,9.57,,,,,8.83,,,,,7.22,,,,,5.91,,,,,5.69,,,,,5.51,,,,,5.27,,,,,5.03,,,,,4.75,,,,,4.5,,,,,4.37,,,,,4.36,,,,,4.4,,,,,4.42,,,,,4.4,,,,,4.39,,,,,4.41,,,,,4.47,,,,,4.54
St. Vincent and the Grenadines,8.75,,,,,9.81,,,,,8.84,,,,,9.84,,,,,10.9,,,,,11.7,,,,,12.4,,,,,12.1,,,,,11.1,,,,,10.9,,,,,10.5,,,,,9.84,,,,,9.63,,,,,8.89,,,,,7.99,,,,,7.76,,,,,7.15,,,,,6.72,,,,,6.29,,,,,5.9,,,,,5.62,,,,,5.44,,,,,5.28,,,,,5.12,,,,,4.97,,,,,4.82,,,,,4.72,,,,,4.67,,,,,4.64,,,,,4.6,,,,,4.54
Sudan,10.1,,,,,10,,,,,9.98,,,,,10.1,,,,,10.1,,,,,10.1,,,,,10.3,,,,,10.6,,,,,10.9,,,,,10.8,,,,,10.6,,,,,10.3,,,,,10.5,,,,,10.8,,,,,10.8,,,,,10.5,,,,,10.2,,,,,9.86,,,,,9.67,,,,,9.55,,,,,9.36,,,,,9.1,,,,,8.8,,,,,8.52,,,,,8.29,,,,,8.1,,,,,7.92,,,,,7.72,,,,,7.5,,,,,7.29,,,,,7.09
Suriname,10.2,,,,,8.86,,,,,8.27,,,,,9.19,,,,,10.5,,,,,11.4,,,,,13.2,,,,,11.1,,,,,10.3,,,,,8.57,,,,,9.25,,,,,9.01,,,,,9.22,,,,,8.7,,,,,8.16,,,,,7.82,,,,,7.65,,,,,7.35,,,,,7.08,,,,,6.81,,,,,6.53,,,,,6.28,,,,,6.09,,,,,5.92,,,,,5.78,,,,,5.64,,,,,5.51,,,,,5.41,,,,,5.32,,,,,5.26,,,,,5.2
Swaziland,10.1,,,,,9.91,,,,,9.89,,,,,10.5,,,,,10.5,,,,,10.4,,,,,10.4,,,,,10.5,,,,,10.6,,,,,10.8,,,,,12,,,,,12.6,,,,,12.3,,,,,11,,,,,10.1,,,,,10.1,,,,,10.1,,,,,9.87,,,,,9.31,,,,,8.74,,,,,8.3,,,,,8,,,,,7.69,,,,,7.34,,,,,6.98,,,,,6.65,,,,,6.39,,,,,6.19,,,,,6.02,,,,,5.86,,,,,5.7
Sweden,5.88,,,,,6.13,,,,,7.53,,,,,7.92,,,,,6.72,,,,,6.33,,,,,6.62,,,,,6.75,,,,,6.36,,,,,5.56,,,,,5.49,,,,,6.27,,,,,6.65,,,,,4.99,,,,,5.24,,,,,5.65,,,,,5.61,,,,,5.77,,,,,5.76,,,,,5.53,,,,,5.32,,,,,5.32,,,,,5.43,,,,,5.5,,,,,5.49,,,,,5.4,,,,,5.28,,,,,5.23,,,,,5.23,,,,,5.24,,,,,5.22
Switzerland,6.93,,,,,6.39,,,,,7.21,,,,,8.13,,,,,7.1,,,,,7.1,,,,,7.55,,,,,7.31,,,,,6.17,,,,,5.38,,,,,5.49,,,,,5.6,,,,,5.6,,,,,5.05,,,,,4.77,,,,,4.7,,,,,4.86,,,,,5.05,,,,,4.96,,,,,4.8,,,,,4.64,,,,,4.59,,,,,4.65,,,,,4.77,,,,,4.83,,,,,4.81,,,,,4.73,,,,,4.66,,,,,4.64,,,,,4.64,,,,,4.64
Syria,11,,,,,9.09,,,,,8.61,,,,,8.91,,,,,11.3,,,,,11.1,,,,,10.9,,,,,10.8,,,,,11.4,,,,,11.9,,,,,11.9,,,,,11.5,,,,,10.4,,,,,11.2,,,,,12.1,,,,,10.5,,,,,9.4,,,,,8.39,,,,,7.91,,,,,7.6,,,,,7.39,,,,,7.13,,,,,6.69,,,,,6.23,,,,,5.88,,,,,5.66,,,,,5.52,,,,,5.39,,,,,5.24,,,,,5.09,,,,,4.96
Tajikistan,11,,,,,10.7,,,,,6.71,,,,,6.94,,,,,9.46,,,,,10.5,,,,,11.2,,,,,10.4,,,,,9.83,,,,,10,,,,,11.2,,,,,12.3,,,,,11.3,,,,,9.98,,,,,8.58,,,,,9.22,,,,,9.93,,,,,9.55,,,,,8.79,,,,,8.09,,,,,7.86,,,,,7.92,,,,,7.88,,,,,7.54,,,,,7.08,,,,,6.72,,,,,6.55,,,,,6.45,,,,,6.3,,,,,6.05,,,,,5.79
Tanzania,10.3,,,,,10.3,,,,,10.4,,,,,10.5,,,,,10,,,,,10.2,,,,,10.3,,,,,10.4,,,,,10.6,,,,,10.7,,,,,10.8,,,,,10.8,,,,,10.6,,,,,10.3,,,,,10.8,,,,,10.8,,,,,10.8,,,,,10.5,,,,,10.3,,,,,10.1,,,,,9.97,,,,,9.76,,,,,9.5,,,,,9.22,,,,,8.95,,,,,8.72,,,,,8.47,,,,,8.24,,,,,7.99,,,,,7.76,,,,,7.53
Thailand,11,,,,,10.8,,,,,9.42,,,,,9.67,,,,,10,,,,,10.7,,,,,11.1,,,,,11.5,,,,,10.6,,,,,9.82,,,,,8.41,,,,,7.61,,,,,7.02,,,,,6.71,,,,,5.99,,,,,5.57,,,,,5.19,,,,,4.63,,,,,4.39,,,,,4.4,,,,,4.42,,,,,4.39,,,,,4.35,,,,,4.31,,,,,4.3,,,,,4.34,,,,,4.42,,,,,4.49,,,,,4.52,,,,,4.53,,,,,4.54
Timor-Leste,10.1,,,,,10.4,,,,,10.4,,,,,10.9,,,,,10.3,,,,,10.5,,,,,11.7,,,,,11.1,,,,,11.5,,,,,7.7,,,,,10.3,,,,,10.6,,,,,10.5,,,,,12.4,,,,,11.2,,,,,11.5,,,,,11.4,,,,,10.9,,,,,10.8,,,,,10.6,,,,,10.3,,,,,9.81,,,,,9.35,,,,,8.9,,,,,8.53,,,,,8.18,,,,,7.85,,,,,7.49,,,,,7.14,,,,,6.83,,,,,6.55
Togo,9.78,,,,,9.92,,,,,9.94,,,,,9.95,,,,,9.87,,,,,9.87,,,,,10,,,,,10.3,,,,,10.6,,,,,11.1,,,,,11.2,,,,,11,,,,,10.3,,,,,10.2,,,,,10.6,,,,,10.8,,,,,10.5,,,,,10.1,,,,,9.82,,,,,9.67,,,,,9.52,,,,,9.32,,,,,9.08,,,,,8.81,,,,,8.59,,,,,8.36,,,,,8.17,,,,,7.96,,,,,7.74,,,,,7.53,,,,,7.33
Tonga,10.7,,,,,10.4,,,,,9.8,,,,,9.74,,,,,9.9,,,,,11.2,,,,,12.2,,,,,13.2,,,,,11.1,,,,,10.5,,,,,11.2,,,,,9.49,,,,,10.4,,,,,10.3,,,,,10.7,,,,,10.7,,,,,9.86,,,,,8.97,,,,,8.8,,,,,8.97,,,,,9.09,,,,,8.91,,,,,8.39,,,,,7.79,,,,,7.42,,,,,7.35,,,,,7.34,,,,,7.18,,,,,6.85,,,,,6.46,,,,,6.16
Trinidad and Tobago,8.83,,,,,8.84,,,,,9.79,,,,,10.2,,,,,11.1,,,,,12,,,,,12.4,,,,,9.68,,,,,9.31,,,,,9.56,,,,,11.2,,,,,9.55,,,,,7.37,,,,,6.2,,,,,6.28,,,,,6.66,,,,,6.6,,,,,6,,,,,5.44,,,,,5.15,,,,,5.17,,,,,5.32,,,,,5.38,,,,,5.27,,,,,5.1,,,,,5.01,,,,,5.04,,,,,5.14,,,,,5.2,,,,,5.18,,,,,5.1
Tunisia,9.32,,,,,9.34,,,,,9.25,,,,,7.99,,,,,11,,,,,11.1,,,,,11.3,,,,,10.8,,,,,10.1,,,,,10.4,,,,,10.7,,,,,10.3,,,,,8.58,,,,,7.07,,,,,6.39,,,,,6.62,,,,,7.65,,,,,7.27,,,,,6.59,,,,,5.89,,,,,5.49,,,,,5.52,,,,,5.72,,,,,5.79,,,,,5.63,,,,,5.34,,,,,5.14,,,,,5.11,,,,,5.18,,,,,5.22,,,,,5.17
Turkey,10.6,,,,,8.94,,,,,8.86,,,,,9.03,,,,,10.7,,,,,10.5,,,,,10.3,,,,,10.1,,,,,10.3,,,,,10.2,,,,,9.86,,,,,9.07,,,,,8.41,,,,,8.24,,,,,7.83,,,,,7.35,,,,,7.04,,,,,6.65,,,,,6.24,,,,,5.88,,,,,5.65,,,,,5.45,,,,,5.3,,,,,5.16,,,,,5.02,,,,,4.9,,,,,4.82,,,,,4.76,,,,,4.73,,,,,4.7,,,,,4.66
Turkmenistan,9.6,,,,,10.1,,,,,6.57,,,,,7.1,,,,,9.64,,,,,11,,,,,11.1,,,,,10.4,,,,,9.9,,,,,10.1,,,,,10.4,,,,,11.3,,,,,10.8,,,,,8.16,,,,,7.82,,,,,7.87,,,,,9.53,,,,,8.87,,,,,7.92,,,,,7.16,,,,,6.94,,,,,7.08,,,,,7.15,,,,,6.92,,,,,6.49,,,,,6.13,,,,,5.97,,,,,5.95,,,,,5.94,,,,,5.84,,,,,5.67
Uganda,10.8,,,,,9.04,,,,,9.82,,,,,9.91,,,,,10.4,,,,,10.3,,,,,10.4,,,,,10.5,,,,,10.5,,,,,10.6,,,,,10.7,,,,,10.8,,,,,11,,,,,11.1,,,,,11.2,,,,,11.2,,,,,11.1,,,,,10.9,,,,,10.8,,,,,10.6,,,,,10.3,,,,,9.98,,,,,9.65,,,,,9.32,,,,,9,,,,,8.69,,,,,8.37,,,,,8.07,,,,,7.78,,,,,7.5,,,,,7.24
Ukraine,7.29,,,,,9.81,,,,,6.14,,,,,6.63,,,,,8.09,,,,,7.47,,,,,6.91,,,,,6.03,,,,,6.49,,,,,6.75,,,,,7.1,,,,,6.66,,,,,5.43,,,,,4.3,,,,,4.02,,,,,5.01,,,,,5.24,,,,,5.15,,,,,4.87,,,,,4.56,,,,,4.46,,,,,4.69,,,,,5.02,,,,,5.18,,,,,5.12,,,,,4.98,,,,,4.92,,,,,4.99,,,,,5.13,,,,,5.2,,,,,5.16
United Arab Emirates,9.9,,,,,9.67,,,,,9.54,,,,,10.8,,,,,8.27,,,,,8.37,,,,,7.81,,,,,6.96,,,,,9.15,,,,,9.23,,,,,9.38,,,,,9.38,,,,,7.48,,,,,6.49,,,,,6.66,,,,,7.34,,,,,7.15,,,,,5.9,,,,,5.35,,,,,5.28,,,,,5.3,,,,,5.3,,,,,5.15,,,,,4.99,,,,,4.94,,,,,4.96,,,,,5.01,,,,,5.03,,,,,5.02,,,,,4.98,,,,,4.97
United Kingdom,6.27,,,,,6.21,,,,,6.64,,,,,7.41,,,,,6.47,,,,,6.89,,,,,8.02,,,,,7.72,,,,,6.44,,,,,5.63,,,,,5.89,,,,,6.25,,,,,6.07,,,,,5.57,,,,,5.19,,,,,5.65,,,,,5.72,,,,,5.66,,,,,5.52,,,,,5.29,,,,,5.18,,,,,5.23,,,,,5.34,,,,,5.36,,,,,5.29,,,,,5.19,,,,,5.11,,,,,5.09,,,,,5.1,,,,,5.1,,,,,5.05
United States,6.97,,,,,6.57,,,,,7.19,,,,,8.43,,,,,8.99,,,,,9.33,,,,,8.73,,,,,7.49,,,,,6.79,,,,,6.59,,,,,6.79,,,,,7,,,,,6.9,,,,,6.45,,,,,6.2,,,,,6.08,,,,,5.64,,,,,5.74,,,,,5.83,,,,,5.81,,,,,5.72,,,,,5.62,,,,,5.55,,,,,5.52,,,,,5.53,,,,,5.53,,,,,5.48,,,,,5.41,,,,,5.35,,,,,5.33,,,,,5.31
Uruguay,8.98,,,,,8.44,,,,,8.02,,,,,8.07,,,,,7.88,,,,,8.16,,,,,8.23,,,,,7.52,,,,,7.97,,,,,8.13,,,,,7.29,,,,,7.34,,,,,7.48,,,,,7.13,,,,,6.73,,,,,6.47,,,,,6.28,,,,,6.12,,,,,5.98,,,,,5.81,,,,,5.62,,,,,5.44,,,,,5.32,,,,,5.23,,,,,5.15,,,,,5.07,,,,,5,,,,,4.93,,,,,4.88,,,,,4.85,,,,,4.83
Uzbekistan,10.6,,,,,9.66,,,,,6.12,,,,,6.82,,,,,9.36,,,,,11.2,,,,,11.7,,,,,10.2,,,,,9.97,,,,,9.92,,,,,10.7,,,,,11.5,,,,,10.9,,,,,8.83,,,,,7.46,,,,,8.09,,,,,8.32,,,,,7.9,,,,,7.08,,,,,6.41,,,,,6.17,,,,,6.15,,,,,6.1,,,,,5.88,,,,,5.59,,,,,5.38,,,,,5.3,,,,,5.29,,,,,5.28,,,,,5.22,,,,,5.12
Vanuatu,10.4,,,,,10.5,,,,,10.5,,,,,10.4,,,,,10.2,,,,,10.8,,,,,11.2,,,,,10.4,,,,,10,,,,,10.3,,,,,11,,,,,10.6,,,,,9.7,,,,,9.53,,,,,8.93,,,,,9.48,,,,,8.9,,,,,8.64,,,,,8.32,,,,,8.06,,,,,7.86,,,,,7.64,,,,,7.43,,,,,7.22,,,,,6.99,,,,,6.78,,,,,6.58,,,,,6.4,,,,,6.22,,,,,6.04,,,,,5.87
Venezuela,10.3,,,,,10.2,,,,,10.1,,,,,10.1,,,,,10.3,,,,,11,,,,,11.9,,,,,11.2,,,,,10,,,,,10.1,,,,,10,,,,,10,,,,,9.36,,,,,8.74,,,,,8.38,,,,,8.09,,,,,7.78,,,,,7.4,,,,,7.02,,,,,6.68,,,,,6.38,,,,,6.12,,,,,5.9,,,,,5.69,,,,,5.51,,,,,5.36,,,,,5.24,,,,,5.14,,,,,5.05,,,,,4.98,,,,,4.92
Vietnam,10.1,,,,,8.26,,,,,7.18,,,,,7.42,,,,,9.58,,,,,10.9,,,,,11,,,,,10.6,,,,,10.4,,,,,9.98,,,,,10.2,,,,,10.3,,,,,9.7,,,,,7.18,,,,,6.44,,,,,6.6,,,,,6.74,,,,,6.54,,,,,6.34,,,,,5.79,,,,,5.32,,,,,5.24,,,,,5.36,,,,,5.43,,,,,5.38,,,,,5.21,,,,,5.04,,,,,4.99,,,,,5.05,,,,,5.12,,,,,5.11
Yemen,9.88,,,,,10.1,,,,,10.4,,,,,11,,,,,9.84,,,,,9.64,,,,,9.86,,,,,10.3,,,,,10,,,,,10.3,,,,,11.3,,,,,12.1,,,,,12.4,,,,,11.1,,,,,10.6,,,,,10.5,,,,,10.5,,,,,10.1,,,,,9.51,,,,,8.97,,,,,8.5,,,,,8.08,,,,,7.68,,,,,7.3,,,,,6.88,,,,,6.5,,,,,6.18,,,,,5.91,,,,,5.71,,,,,5.55,,,,,5.42
Zambia,10.4,,,,,10.2,,,,,10,,,,,9.83,,,,,9.89,,,,,10.1,,,,,10.4,,,,,10.5,,,,,10.9,,,,,11.2,,,,,11.1,,,,,10.9,,,,,10.9,,,,,11.2,,,,,11.2,,,,,10.8,,,,,10.6,,,,,10.5,,,,,10.4,,,,,10.2,,,,,9.97,,,,,9.71,,,,,9.49,,,,,9.3,,,,,9.1,,,,,8.87,,,,,8.64,,,,,8.42,,,,,8.22,,,,,8.03,,,,,7.83
Zimbabwe,10,,,,,9.63,,,,,9.75,,,,,8.72,,,,,10.6,,,,,10.6,,,,,10.8,,,,,10.7,,,,,11,,,,,11.8,,,,,12.6,,,,,12.3,,,,,11.5,,,,,10.5,,,,,10.2,,,,,10.7,,,,,11,,,,,10.3,,,,,9.53,,,,,9.06,,,,,8.8,,,,,8.54,,,,,8.21,,,,,7.82,,,,,7.4,,,,,7.05,,,,,6.75,,,,,6.52,,,,,6.3,,,,,6.08,,,,,5.89
